Drug_ID,Drug,Y
0,CCOc1ccc2nc(S(N)(=O)=O)sc2c1,1
1,C[C@]12C/C(=C/O)C(=O)C[C@@H]1CC[C@@H]1[C@@H]2CC[C@@]2(C)[C@H]1CC[C@]2(C)O,1
2,Cc1nccn1CC1CCc2c(c3ccccc3n2C)C1=O.Cl,1
3,CC(=O)[C@H]1CC[C@H]2[C@@H]3CC=C4C[C@@H](O)CC[C@]4(C)[C@H]3CC[C@]12C,1
4,C=C1CC[C@@]2(O)[C@H]3Cc4ccc(O)c5c4[C@@]2(CCN3CC2CC2)[C@H]1O5.Cl,1
5,C=CCOc1ccccc1OCC(O)CNC(C)C.Cl,1
6,CC1(C)O[C@@H]2C[C@H]3[C@@H]4CCC5=CC(=O)C=C[C@]5(C)[C@H]4[C@@H](O)C[C@]3(C)[C@]2(C(=O)CO)O1,1
7,CC(C)=C/C(C)=N/Nc1nncc2ccccc12,1
8,CC[C@H]1OC(=O)[C@H](C)[C@@H](O[C@H]2C[C@@](C)(OC)[C@@H](O)[C@H](C)O2)[C@H](C)[C@@H](O[C@@H]2O[C@H](C)C[C@H](N(C)C)[C@H]2O)[C@](C)(O)C[C@@H](C)CN(C)[C@H](C)[C@@H](O)[C@]1(C)O,1
9,CC1=C(/C=C/C(C)=C/C=C/C(C)=C\C(=O)O)C(C)(C)CCC1,1
10,COC(c1ccccc1)(c1ccccc1)[C@H](Oc1nc(C)cc(C)n1)C(=O)O,1
11,COc1ccc(C[C@H](C)NC[C@@H](O)c2ccc(O)c(NC=O)c2)cc1.COc1ccc(C[C@H](C)NC[C@@H](O)c2ccc(O)c(NC=O)c2)cc1.O=C(O)/C=C/C(=O)O,1
12,Cl.Nc1c2c(nc3ccccc13)CCCC2,1
13,CCN(CCO)CCCC(C)Nc1ccnc2cc(Cl)ccc12.O=S(=O)(O)O,1
14,N[C@@H]1CONC1=O,1
15,C=C[C@H]1CN2CC[C@H]1C[C@@H]2[C@@H](O)c1ccnc2ccc(OC)cc12.Cl.O,1
16,C/C(=C(/CCO)SSCC1CCCO1)N(C=O)Cc1cnc(C)nc1N.Cl,1
17,CN(C)CCCSC(=N)N.Cl.Cl,1
18,CCOC(=O)O[C@]1(C(=O)COC(=O)CC)CC[C@H]2[C@@H]3CCC4=CC(=O)C=C[C@]4(C)[C@H]3[C@@H](O)C[C@@]21C,1
19,C[C@]12CC[C@H]3[C@@H](CCC4=C(O)C(=O)CC[C@@]43C)[C@@H]1CCC2=O,1
20,CCN(CC)CCCC(C)Nc1ccnc2cc(Cl)ccc12.O=P(O)(O)O.O=P(O)(O)O,1
21,COc1ccc(C[C@@H]2c3cc(OC)c(OC)cc3CC[N@+]2(C)CCC(=O)OCCCCCOC(=O)CC[N@@+]2(C)CCc3cc(OC)c(OC)cc3[C@H]2Cc2ccc(OC)c(OC)c2)cc1OC.O=S(=O)([O-])c1ccccc1.O=S(=O)([O-])c1ccccc1,1
22,CC(C)(C)NC[C@H](O)c1ccc(O)c(CO)c1.Cl,1
23,N[C@@H](CCC(=O)N[C@@H](CSSC[C@H](NC(=O)CC[C@H](N)C(=O)O)C(=O)NCC(=O)O)C(=O)NCC(=O)O)C(=O)O,1
24,C[C@]12CC[C@H]3C(=CCc4cc(O)ccc43)[C@@H]1CCC2=O,1
25,C[C@H](CCc1ccccc1)NC[C@H](O)c1ccc(O)c(C(N)=O)c1,1
26,CO[C@@H]1[C@@H](OC2OC(C)C(OC3CC(C)(O)C(O)C(C)O3)C(N(C)C)C2O)[C@@H](CC=O)C[C@@H](C)[C@@H](OC2CCC(N(C)C)C(C)O2)C=CC=CC[C@@H](C)OC(=O)C[C@H]1OC(C)=O,1
27,CC(CCc1ccccc1)NC(C)C(O)c1ccc(O)cc1,1
28,CCc1ccc(C(=O)C(C)CN2CCCCC2)cc1.Cl,1
29,COc1ccc2nc(S(=O)Cc3ncc(C)c(OC)c3C)[nH]c2c1,1
30,CCCNC(C)(C)COC(=O)c1ccccc1.Cl,1
31,CN1CCC[C@@H]1Cc1c[nH]c2ccc(CCS(=O)(=O)c3ccccc3)cc12,1
32,CC(C)(N)Cc1ccccc1.Cl,1
33,COc1ncnc(NS(=O)(=O)c2ccc(N)cc2)c1OC,1
34,CCCCOc1cc(C(=O)OCCN(CC)CC)ccc1N.Cl,1
35,C[C@H]1COc2c(N3CCN(C)CC3)c(F)cc3c(=O)c(C(=O)O)cn1c23,1
36,O=C1c2c(O)cccc2Cc2cccc(O)c21,1
37,CCn1cc(C(=O)O)c(=O)c2cc(F)c(N3CCNCC3)nc21,1
38,Cl.O=C1CC2(CCCC2)CC(=O)N1CCCCN1CCN(c2ncccn2)CC1,1
39,C[C@@H]1CCO[C@H]2Cn3cc(C(=O)NCc4ccc(F)cc4F)c(=O)c(O)c3C(=O)N21,1
40,Cc1ccc(C(=O)C(C)CN2CCCCC2)cc1.Cl,1
41,CNCc1cc(-c2ccccc2F)n(S(=O)(=O)c2cccnc2)c1,1
42,CN(C)CCN(Cc1ccccc1)c1ccccn1.Cl,1
43,CCOc1nc2cccc(C(=O)O)c2n1Cc1ccc(-c2ccccc2-c2nn[nH]n2)cc1,1
44,Cc1ccc(O)c([C@H](CCN(C(C)C)C(C)C)c2ccccc2)c1.O=C(O)[C@H](O)[C@@H](O)C(=O)O,1
45,CC(=O)Oc1ccc(C(=C2CCCCC2)c2ccc(OC(C)=O)cc2)cc1,1
46,Cl.c1ccc2c(c1)OCC(C1=NCCN1)O2,1
47,CN(C)CCCN1c2ccccc2Sc2ccccc21.Cl,1
48,CC(C(O)c1ccc(O)cc1)N1CCC(Cc2ccccc2)CC1.CC(C(O)c1ccc(O)cc1)N1CCC(Cc2ccccc2)CC1.O=C(O)[C@H](O)[C@@H](O)C(=O)O,1
49,Cc1cc2c(s1)Nc1ccccc1N=C2N1CCN(C)CC1,1
50,CC(C)CN(C[C@@H](O)[C@H](Cc1ccccc1)NC(=O)O[C@H]1CO[C@H]2OCC[C@@H]12)S(=O)(=O)c1ccc(N)cc1,1
51,CN(C)CCOC(c1ccccc1)c1ccccc1.Cn1c(=O)c2[nH]c(Cl)nc2n(C)c1=O,1
52,CCC1(c2cccc(O)c2)CCCCN(C)C1.Cl,1
53,CCCc1cc(C(N)=S)ccn1,1
54,CN(C)CCOC(=O)C(c1ccccc1)C1(O)CCCC1.Cl,1
55,O=C1Nc2ccccc2C1(c1ccc(O)cc1)c1ccc(O)cc1,1
56,C[C@]12C=CC(=O)C=C1CC[C@@H]1[C@@H]2CC[C@@]2(C)[C@H]1CC[C@]2(C)O,1
57,O.O=C1OC2(c3cc(Br)c([O-])cc3Oc3c2cc(Br)c([O-])c3[Hg])c2ccccc21.[Na+].[Na+],1
58,CCCCOc1ccc(C(=O)CCN2CCCCC2)cc1.Cl,1
59,CCCc1nc(C(C)(C)O)c(C(=O)O)n1Cc1ccc(-c2ccccc2-c2nn[nH]n2)cc1,1
60,C=C1C[C@@H]2[C@H](CC[C@]3(C)C(=O)CC[C@@H]23)[C@@]2(C)C=CC(=O)C=C12,1
61,COc1ccccc1OCC(O)CN1CCN(CC(=O)Nc2c(C)cccc2C)CC1,1
62,O=C(CCCN1CCC2(CC1)C(=O)NCN2c1ccccc1)c1ccc(F)cc1,1
63,Cl.Nc1c(Br)cc(Br)cc1CNC1CCC(O)CC1,1
64,Oc1ccc(C2CNCCc3c2cc(O)c(O)c3Cl)cc1,1
65,C[C@]12CC[C@H]3[C@@H](CC[C@H]4C[C@@H](O)CC[C@@]43C)[C@@H]1CCC2=O,1
66,CC(C)NC[C@H](O)COc1cccc2ccccc12.Cl,1
67,CCCCC[C@H](O)/C=C/[C@H]1[C@H](O)CC(=O)[C@@H]1CCCCCCC(=O)O,1
68,Cl.NCCc1ccc(O)c(O)c1,1
69,C/C(=C(/CCOC(=O)c1ccccc1)SS/C(CCOC(=O)c1ccccc1)=C(\C)N(C=O)Cc1cnc(C)nc1N)N(C=O)Cc1cnc(C)nc1N,1
70,Cn1nnnc1SCC1=C(C(=O)[O-])N2C(=O)[C@@H](NC(=O)[C@H](O)c3ccccc3)[C@H]2SC1.[Na+],1
71,Cl.Cl.OCCN1CCN(CCCN2c3ccccc3C=Cc3ccccc32)CC1,1
72,CCCN1C[C@H](CSC)C[C@@H]2c3cccc4[nH]cc(c34)C[C@H]21.CS(=O)(=O)O,1
73,O.O=P(O)(O)C(O)(Cn1ccnc1)P(=O)(O)O,1
74,C[C@@H]1CC[C@H]2[C@@H](C)[C@@H](O)O[C@@H]3O[C@@]4(C)CC[C@@H]1[C@@]23OO4,1
75,CCC(=O)OC(OP(=O)(CCCCc1ccccc1)CC(=O)N1C[C@H](C2CCCCC2)C[C@H]1C(=O)O)C(C)C,1
76,COc1cc2c(cc1OC)C(=O)C(CC1CCN(Cc3ccccc3)CC1)C2.Cl,1
77,CN1CCN2c3ncccc3Cc3ccccc3C2C1,1
78,C[C@H]1CN(c2c(F)c(N)c3c(=O)c(C(=O)O)cn(C4CC4)c3c2F)C[C@@H](C)N1,1
79,CCCCC(C)(O)C/C=C/[C@H]1[C@H](O)CC(=O)[C@@H]1CCCCCCC(=O)OC,1
80,C/C=C/c1ccc(OC)cc1,1
81,CC(C)C(=O)c1c(C(C)C)nn2ccccc12,1
82,COc1ccc2cc(CCC(C)=O)ccc2c1,1
83,CNCC(O)c1ccc(OC(=O)C(C)(C)C)c(OC(=O)C(C)(C)C)c1.Cl,1
84,Cl.Clc1ccc(Cn2c(CN3CCCC3)nc3ccccc32)cc1,1
85,CC1(C)S[C@@H]2[C@H](NC(=O)Cc3ccccc3)C(=O)N2[C@H]1C(=O)O.CC1(C)S[C@@H]2[C@H](NC(=O)Cc3ccccc3)C(=O)N2[C@H]1C(=O)O.c1ccc(CNCCNCc2ccccc2)cc1,1
86,CC(=O)OCC(=O)[C@H]1CC[C@H]2[C@@H]3CC[C@H]4C[C@H](O)CC[C@]4(C)[C@H]3C(=O)C[C@]12C,1
87,COc1cc(N)c(Cl)cc1C(=O)NC1CCN(Cc2ccccc2)CC1.O=C(O)/C=C\C(=O)O,1
88,CC1=C(/C=C/C(C)=C/C=C/C(C)=C/C(=O)O)C(C)(C)CCC1,0
89,CCC(COC(=O)c1cc(OC)c(OC)c(OC)c1)(c1ccccc1)N(C)C,0
90,Clc1ccc(Nc2nnc(Cc3ccncc3)c3ccccc23)cc1,0
91,CC(C)=CCC1C(=O)N(c2ccccc2)N(c2ccccc2)C1=O,0
92,CCN1CCCC(OC(=O)C(c2ccccc2)c2ccccc2)C1.Cl,0
93,CC(=O)Oc1ccccc1C(=O)O,0
94,Cl.O=C(Nc1ccccc1)OCC(CN1CCCCC1)OC(=O)Nc1ccccc1,0
95,CCCC1C(=O)N2C(N(C)C)=Nc3ccc(C)cc3N2C1=O,0
96,CN(C)CC/C=C1/c2ccccc2COc2ccc(CC(=O)O)cc21.Cl,0
97,CC1CC(OC(=O)c2ccccc2O)CC(C)(C)C1,0
98,COc1ccc(C(=O)c2ccc(C)cc2)c(O)c1,0
99,CC(=O)Nc1ccc(CC(=O)O)cc1,0
100,Cc1ccccc1C(OCCN(C)C)c1ccccc1.Cl,0
101,CC(=O)OCC(=O)[C@@]12OC3(CCCC3)O[C@@H]1C[C@H]1[C@@H]3CCC4=CC(=O)C=C[C@]4(C)[C@@]3(F)[C@@H](O)C[C@@]12C,0
102,COc1nc(C)nc(Cl)c1NC1=NCCN1,0
103,CN1[C@H]2CCC[C@@H]1CC(NC(=O)c1nn(C)c3ccccc13)C2,0
104,CN1CCN(c2c(F)cc3c(=O)c(C(=O)O)cn4c3c2SCC4)CC1,0
105,Cl.O=C1c2cccc3c2[C@H](CCC3)CN1[C@@H]1CN2CCC1CC2,0
106,Cc1nc2n(c(=O)c1CCN1CCC(c3noc4cc(F)ccc34)CC1)CCCC2O,0
107,CCc1ccc(CCOc2ccc(CC3SC(=O)NC3=O)cc2)nc1,0
108,CCN(CCCCOC(=O)c1ccc(OC)c(OC)c1)C(C)Cc1ccc(OC)cc1.Cl,0
109,N#CC(c1ccc(Cl)cc1)c1c(Cl)cc(-n2ncc(=O)[nH]c2=O)cc1Cl,0
110,Cl.O=c1n(CCCN2CCN(c3cccc(Cl)c3)CC2)nc2ccccn12,0
111,CC(=O)OC[C@H]1O[C@@H](n2ncc(=O)[nH]c2=O)[C@H](OC(C)=O)[C@@H]1OC(C)=O,0
112,CC1(C)O[C@@H]2C[C@H]3[C@@H]4C[C@H](F)C5=CC(=O)C=C[C@]5(C)[C@@]4(F)[C@@H](O)C[C@]3(C)[C@]2(C(=O)CO)O1,0
113,CN(C)CCCN1c2ccccc2[S@@](=O)c2ccc(Cl)cc21,0
114,NC(=O)N/N=C/c1ccc([N+](=O)[O-])o1,0
115,C[C@]12CC[C@@H]3c4ccc(O)cc4CC[C@H]3[C@@H]1CCC2=O,0
116,C[C@]12CC[C@H]3[C@@H](CC=C4C[C@@H](O)CC[C@@]43C)[C@@H]1CCC2=O,0
117,COC(=O)[C@H](c1ccccc1Cl)N1CCc2sccc2C1,0
118,CCN(CC)CCOCCOC(=O)C1(c2ccccc2)CCCC1.O=C(O)CC(O)(CC(=O)O)C(=O)O,0
119,CNCC(O)c1ccc(O)cc1,0
120,COc1ccc(C(Cl)=C(c2ccc(OC)cc2)c2ccc(OC)cc2)cc1,0
121,CCCOc1cc(N)ccc1C(=O)OCCN(CC)CC.Cl,0
122,Cc1nc2ccccn2c(=O)c1CCN1CCC(C(=O)c2ccc(F)cc2)CC1,0
123,CCCCOc1cc(C(=O)NCCN(CC)CC)c2ccccc2n1,0
124,O=C(c1cc(O)c(O)c(O)c1)c1ccc(O)c(O)c1O,0
125,CN(C)CC/C=C1\c2ccccc2COc2ccccc21.Cl,0
126,CCOC(=O)c1ccc(C#Cc2ccc3c(c2)C(C)(C)CCS3)nc1,0
127,O=C(CCCN1CCC(O)(c2ccc(Br)cc2)CC1)c1ccc(F)cc1,0
128,CCN(CC)CCOC(=O)C1(c2ccc([N+](=O)[O-])cc2)CCCC1.Cl,0
129,CC(=O)O[C@]1(C(C)=O)CC[C@H]2[C@@H]3C=C(Cl)C4=CC(=O)CC[C@]4(C)[C@H]3CC[C@@]21C,0
130,Cl.OC(CCCN1CCCCC1)(c1ccccc1)c1ccccc1,0
131,CN(C/C=C/C#CC(C)(C)C)Cc1cccc2ccccc12,0
132,Cl.O=C(O)/C=C/c1ccc(Cn2ccnc2)cc1,0
133,CC(=O)N[C@@H](CC(=O)O)C(=O)N[C@@H](CCC(=O)O)C(=O)O,0
134,CC(C)NCC(O)c1ccc2ccccc2c1.Cl,0
135,OC(c1ccccc1)(c1ccccc1)C1CCNCC1,0
136,Cc1onc(-c2ccccc2)c1-c1ccc(S(N)(=O)=O)cc1,0
137,CN(C)CCCOc1nn(Cc2ccccc2)c2ccccc12.Cl,0
138,O=P([O-])(O)C(Cl)(Cl)P(=O)([O-])O.[Na+].[Na+],0
139,CCN(CC)CCc1nc(-c2ccccc2)no1.O=C(O)CC(O)(CC(=O)O)C(=O)O,0
140,O=C1[C@H](CC[C@H](O)c2ccc(F)cc2)[C@@H](c2ccc(O)cc2)N1c1ccc(F)cc1,0
141,CCCCOCCOCCOCc1cc2c(cc1CCC)OCO2,0
142,C[C@H](Cc1cc2c(c(C(N)=O)c1)N(CCCO)CC2)NCCOc1ccccc1OCC(F)(F)F,0
143,COc1ccc(CC2c3cc(OC)c(OC)cc3CC[N+]2(C)CCC(=O)OCCCCCOC(=O)CC[N+]2(C)CCc3cc(OC)c(OC)cc3C2Cc2ccc(OC)c(OC)c2)cc1OC.O=S(=O)([O-])c1ccccc1.O=S(=O)([O-])c1ccccc1,0
144,C[C@]12CC[C@H]3[C@@H](CCC4=CC(=O)CC[C@@]43C)[C@@H]1CC[C@@H]2C(=O)CO,0
145,CC[C@H]1OC(=O)[C@H](C)[C@@H](O[C@H]2C[C@@](C)(OC)[C@@H](O)[C@H](C)O2)[C@H](C)[C@@H](O[C@@H]2O[C@H](C)C[C@H](N(C)C)[C@H]2O)[C@](C)(OC)C[C@@H](C)C(=O)[C@H](C)[C@@H](O)[C@]1(C)O,0
146,CCCCc1nc(Cl)c(CO)n1Cc1ccc(-c2ccccc2-c2nn[nH]n2)cc1,0
147,CN1CCN(C(c2ccccc2)c2ccc(Cl)cc2)CC1.Cl,0
148,Cc1ccc(/C(=C\CN2CCCC2)c2ccccn2)cc1.Cl,0
149,CCOC(=O)c1c(N)sc2c1CCN(Cc1ccccc1)C2.Cl,0
150,C=CC[C@]1(O)CC[C@H]2[C@@H]3CCC4=CC(=O)CCC4=C3C=C[C@@]21C,0
151,CC(C)(Oc1ccc(C2CC2(Cl)Cl)cc1)C(=O)O,0
152,Cl.OC(CCN1CCCCC1)(c1ccccc1)C1CC2C=CC1C2,0
153,CC1CS(=O)(=O)CCN1/N=C/c1ccc([N+](=O)[O-])o1,0
154,C[C@H](N[C@@H](CCc1ccccc1)C(=O)O)C(=O)N1CCC[C@H]1C(=O)O.O.O,0
155,COc1ccc(C(=O)CC(=O)c2ccc(C(C)(C)C)cc2)cc1,0
156,CN1CCC(=C2c3ccccc3CC(=O)c3sccc32)CC1.O=C(O)/C=C/C(=O)O,0
157,Cl.O=C1[C@H]2CCCC[C@H]2C(=O)N1CCCCN1CCN(c2nsc3ccccc23)CC1,0
158,Br.COc1ccc2c(c1)[C@]13CCCC[C@@H]1[C@H](C2)N(C)CC3.O,0
159,Nc1nc(=S)c2[nH]cnc2[nH]1,0
160,CS(=O)(=O)O.OC(CCN1CCCCC1)(c1ccccc1)c1ccccc1,0
161,CN1CCC(=C2c3ccccc3CCc3cccnc32)CC1.O=C(O)/C=C\C(=O)O.O=C(O)/C=C\C(=O)O,0
162,CC1(C)C(C=C(Cl)Cl)C1C(=O)OC(C#N)c1cccc(Oc2ccccc2)c1,0
163,CCC(=O)O[C@@](Cc1ccccc1)(c1ccccc1)[C@@H](C)CN(C)C.O.O=S(=O)(O)c1ccc2ccccc2c1,0
164,CN1CCC(OC(c2ccccc2)c2ccccc2)CC1.Cl,0
165,COc1cc2nc(N3CCN(C(=O)C4COc5ccccc5O4)CC3)nc(N)c2cc1OC.CS(=O)(=O)O,0
166,NCCCC(O)(P(=O)([O-])O)P(=O)(O)O.[Na+],0
167,Cc1c(OCC(F)(F)F)ccnc1CS(=O)c1nc2ccccc2[nH]1,0
168,CCCC(=O)N1CCCN(c2nc(N)c3cc(OC)c(OC)cc3n2)CC1.Cl,0
169,CCNCC(O)c1cccc(O)c1.Cl,0
170,Cc1cccc(C)c1NC(=O)C(C)N.Cl,0
171,CN(C)C/C=C(/c1ccc(Br)cc1)c1cccnc1.Cl.Cl.O,0
172,COc1c(N2C[C@@H]3CCCN[C@@H]3C2)c(F)cc2c(=O)c(C(=O)O)cn(C3CC3)c12,0
173,CCCCCCOc1ccccc1C(N)=O,0
174,CCN(CC)CCOC(=O)C(Cc1cccc2ccccc12)CC1CCCO1.O=C(O)C(=O)O,0
175,O=C(O)c1cn(-c2ccc(F)cc2)c2cc(N3CCNCC3)c(F)cc2c1=O,0
176,CN(C)CCc1c[nH]c2ccc(Cn3cncn3)cc12.O=C(O)c1ccccc1,0
177,C=CC[C@@H]1/C=C(\C)C[C@H](C)C[C@H](OC)[C@H]2O[C@@](O)(C(=O)C(=O)N3CCCC[C@H]3C(=O)O[C@H](/C(C)=C/[C@@H]3CC[C@@H](O)[C@H](OC)C3)[C@H](C)[C@@H](O)CC1=O)[C@H](C)C[C@@H]2OC.O,0
178,Cl.OC(CCN1CCCC1)(c1ccccc1)C1CCCCC1,0
179,C=C(CC)C(=O)c1ccc(OCC(=O)O)c(Cl)c1Cl,0
180,CC(C)C1CCC(C(=O)N[C@H](Cc2ccccc2)C(=O)O)CC1,0
181,Cn1c([N+](=O)[O-])cnc1COC(N)=O,0
182,CC(C)=CCOc1ccc(/C=C/C(=O)c2ccc(OCC=C(C)C)cc2OCC(=O)O)cc1,0
183,CCC(Cc1c(I)cc(I)c(N)c1I)C(=O)O,0
184,C[C@@H]1C[C@H]2[C@@H]3C[C@H](F)C4=CC(=O)C=C[C@]4(C)[C@@]3(F)[C@@H](O)C[C@]2(C)[C@@]1(O)C(=O)COC(=O)C(C)(C)C,0
185,O=C(N/N=C/c1ccc([N+](=O)[O-])o1)c1ccc(O)cc1,0
186,N#Cc1ccc(C(c2ccc(C#N)cc2)n2cncn2)cc1,0
187,CC(=O)O[C@]1(C(C)=O)CC[C@H]2[C@@H]3C=C(C)C4=CC(=O)CC[C@]4(C)[C@H]3CC[C@@]21C,0
188,O=C1CC[C@@H](C(=O)N2CSC[C@H]2C(=O)O)N1,0
189,CCN(CCCc1ccccc1)CCCc1ccccc1.O=C(O)CC(O)(CC(=O)O)C(=O)O,0
190,CC(C)=CC1C(C(=O)OCc2cccc(Oc3ccccc3)c2)C1(C)C,0
191,CC(C)C[C@H](CN)CC(=O)O,0
192,CCC(C)(C)c1ccc(CC(C)CN2C[C@H](C)O[C@H](C)C2)cc1.Cl,0
193,Nc1nc(N)c2nc(-c3ccccc3)c(N)nc2n1,0
194,O=C(NCNC(=O)NC1C(=O)NC(=O)N1CO)NC1C(=O)NC(=O)N1CO,0
195,COc1ccnc(CS(=O)c2nc3cc(OC(F)F)ccc3[n-]2)c1OC.[Na+],0
196,CN(C)CCOC(c1ccc(Cl)cc1)c1ccccn1.O=C(O)/C=C\C(=O)O,0
197,CNC(=O)c1c(I)c(C(=O)NCC(=O)Nc2c(I)c(C(=O)O)c(I)c(C(=O)NCCO)c2I)c(I)c(N(C)C(C)=O)c1I,0
198,C#C[C@]1(O)CC[C@H]2[C@@H]3CCc4cc(OC)ccc4[C@H]3CC[C@@]21C,0
199,CCCc1nc2c(C)cc(-c3nc4ccccc4n3C)cc2n1Cc1ccc(-c2ccccc2C(=O)O)cc1,0
200,CCOC(=O)[C@H](CCc1ccccc1)N[C@@H](C)C(=O)N1[C@H](C(=O)O)C[C@@H]2CCC[C@@H]21,0
201,C=CC[C@]1(O)CC[C@H]2[C@@H]3CCC4=CCCC[C@@H]4[C@H]3CC[C@@]21C,0
202,CCN(CC)CCOCCOC(=O)C(CC)(CC)c1ccccc1.O=C(O)CC(O)(CC(=O)O)C(=O)O,0
203,CCc1nc(N)nc(N)c1-c1ccc(Cl)cc1,0
204,CN(CCCN1c2ccccc2CCc2ccccc21)CC(=O)c1ccc(Cl)cc1,0
205,CC(=O)O.NC(N)=N/N=C/c1c(Cl)cccc1Cl,0
206,CCCCCOC(=O)Nc1nc(=O)n([C@@H]2O[C@H](C)[C@@H](O)[C@H]2O)cc1F,0
207,CC1(C)NC(=O)N(c2ccc([N+](=O)[O-])c(C(F)(F)F)c2)C1=O,0
208,CC(C)(CO)[C@@H](O)C(=O)NCCC(=O)NCCSSCCNC(=O)CCNC(=O)[C@H](O)C(C)(C)CO,0
209,COc1ccc([C@@H]2Sc3ccccc3N(CCN(C)C)C(=O)[C@@H]2OC(C)=O)cc1.Cl,0
210,CCCC1O[C@@H]2C[C@H]3[C@@H]4CCC5=CC(=O)C=C[C@]5(C)[C@H]4[C@@H](O)C[C@]3(C)[C@]2(C(=O)CO)O1,0
211,CCCC(CCC)C(=O)OC1C[C@@H]2CC[C@H](C1)[N+]2(C)C.[Br-],0
212,CCN1CC(CCN2CCOCC2)C(c2ccccc2)(c2ccccc2)C1=O.Cl,0
213,CC(C)NCC(O)COc1cccc2[nH]c3ccccc3c12,0
214,CN(C)CCC=C1c2ccccc2CCc2ccccc21.Cl,0
215,CCOc1ccc(NC(=O)CC(C)O)cc1,0
216,Cc1cc(=O)c(C(=O)N[C@@H](C(=O)N[C@@H]2C(=O)N3C(C(=O)O)=C(CSc4nnnn4C)CS[C@H]23)c2ccc(O)cc2)c[nH]1,0
217,CCCCN1CCCCC1C(=O)Nc1c(C)cccc1C.Cl,0
218,CC(NN)c1ccccc1,0
219,CC(=O)[C@H]1CC[C@H]2[C@@H]3CC[C@H]4C[C@H](O)CC[C@]4(C)[C@H]3C(=O)C[C@]12C,0
220,CC(=O)Nc1c(I)c(NC(C)=O)c(I)c(C(=O)O)c1I.O.O,0
221,Cc1ccc2c(Cl)cc(Cl)c(O)c2n1,0
222,COc1ccc(CCN(C)CCCC(C#N)(c2ccc(OC)c(OC)c2)C(C)C)cc1OC.Cl,0
223,Cc1nc2n(c(=O)c1CCN1CCC(c3noc4cc(F)ccc34)CC1)CCCC2,0
224,Cc1[nH]c(=O)c(C#N)cc1-c1ccncc1,0
225,CO[C@H]1/C=C/O[C@@]2(C)Oc3c(C)c(O)c4c(O)c(c(/C=N/N5CCN(C6CCCC6)CC5)c(O)c4c3C2=O)NC(=O)/C(C)=C\C=C\[C@H](C)[C@H](O)[C@@H](C)[C@@H](O)[C@@H](C)[C@H](OC(C)=O)[C@@H]1C,0
226,O=C(CCNNC(=O)c1ccncc1)NCc1ccccc1,0
227,Cc1c(Cl)cccc1Nc1ncccc1C(=O)O,0
228,NS(=O)(=O)c1cc(C(=O)NN2C[C@H]3[C@@H]4CC[C@@H](C4)[C@H]3C2)ccc1Cl,0
229,O=C(CCCN1CCN(c2ccccn2)CC1)c1ccc(F)cc1,0
230,CN(Cc1cnc2nc(N)nc(N)c2n1)c1ccc(C(=O)N[C@@H](CCC(=O)O)C(=O)O)cc1,0
231,CCCc1nn(C)c2c(=O)[nH]c(-c3cc(S(=O)(=O)N4CCN(C)CC4)ccc3OCC)nc12,0
232,CC(C)Oc1ccc2c(=O)c(-c3ccccc3)coc2c1,0
233,CNCC[C@@H](Oc1cccc2ccccc12)c1cccs1.Cl,0
234,COc1cc2nc(N(C)CCCNC(=O)C3CCCO3)nc(N)c2cc1OC.Cl,0
235,CN(c1nccc(=O)[nH]1)C1CCN(c2nc3ccccc3n2Cc2ccc(F)cc2)CC1,0
236,C(=C/c1ccccc1)\CN1CCN(C(c2ccccc2)c2ccccc2)CC1,0
237,C#C[C@]1(O)CC[C@H]2[C@@H]3CCc4cc(O)ccc4[C@H]3CC[C@@]21C,0
238,COc1cccc(N(C)C(=S)Oc2ccc3c(c2)CCCC3)n1,0
239,CCNCC.O=S(=O)(O)c1cc(O)ccc1O,0
240,CC(=O)O[C@H]1CC[C@@]2(C)C(=CC[C@H]3[C@@H]4CCC(=O)[C@@]4(C)CC[C@@H]32)C1,0
241,COc1cc(NC(C)CCCN)c2ncccc2c1.O=P(O)(O)O.O=P(O)(O)O,0
242,CC(C)Cn1cnc2c(N)nc3ccccc3c21,0
243,CC(C)(C(=O)O)c1ccc(C(O)CCCN2CCC(C(O)(c3ccccc3)c3ccccc3)CC2)cc1.Cl,0
244,CC(N)C12CC3CC(CC(C3)C1)C2.Cl,0
245,CCCNCC(O)COc1ccccc1C(=O)CCc1ccccc1.Cl,0
246,CNC1(C)C2CCC(C2)C1(C)C.Cl,0
247,CN(C(=O)C(Cl)Cl)c1ccc(OC(=O)c2ccco2)cc1,0
248,CCOc1cc(N)c(Cl)cc1C(=O)NCC1CN(Cc2ccc(F)cc2)CCO1,0
249,COc1ccc2[nH]c(S(=O)Cc3ncc(C)c(OC)c3C)nc2n1,0
250,CCN[C@H]1CN(CCCOC)S(=O)(=O)c2sc(S(N)(=O)=O)cc21,0
251,O=C1OCCN1/N=C/c1ccc([N+](=O)[O-])o1,0
252,CC(CN1c2ccccc2Sc2ccccc21)N(C)C.Cl,0
253,CN1C2CCC1CC(OC(c1ccccc1)c1ccccc1)C2.CS(=O)(=O)O,0
254,N#C/C(=C1/SCC(c2ccccc2Cl)S1)n1ccnc1,0
255,CN(C)CCCN1c2ccccc2CCc2ccccc21.Cl,0
256,COc1ccccc1Oc1c(NS(=O)(=O)c2ccc(C(C)(C)C)cc2)nc(-c2ncccn2)nc1OCCO,0
257,CN(C)CC/C=C1\c2ccccc2CSc2ccccc21.Cl,0
258,CC(C)(Oc1ccc(CCNC(=O)c2ccc(Cl)cc2)cc1)C(=O)O,0
259,CCOc1ccc2c(c1)C(C)=CC(C)(C)N2,0
260,CCC1(c2ccccc2)C(=O)NCNC1=O,0
261,CC1(C)S[C@@H]2[C@H](NC(=O)Cc3ccccc3)C(=O)N2[C@H]1C(=O)[O-].[Na+],0
262,CN(C)CCN(Cc1ccc(Cl)cc1)c1ccccn1.Cl,0
263,Nc1ccccc1S(N)(=O)=O,0
264,CC(C(=O)O)c1ccc(N2Cc3ccccc3C2=O)cc1,0
265,C=C[C@H]1CN2CC[C@H]1C[C@H]2[C@H](OC(=O)OCC)c1ccnc2ccc(OC)cc12,0
266,O=C1NCN(c2ccccc2)C12CCN(CCCC(c1ccc(F)cc1)c1ccc(F)cc1)CC2,0
267,CCCCNc1c(C(=O)OCC)c(C)nc2c1cnn2CC.Cl,0
268,CC[C@@H]([C@H](C)O)n1ncn(-c2ccc(N3CCN(c4ccc(OC[C@@H]5CO[C@@](Cn6cncn6)(c6ccc(F)cc6F)C5)cc4)CC3)cc2)c1=O.O,0
269,CCN1CCN(Cc2ccc(Nc3ncc(F)c(-c4cc(F)c5nc(C)n(C(C)C)c5c4)n3)nc2)CC1,0
270,Cc1cc(-n2c(=O)[nH]c(=O)n(C)c2=O)ccc1Oc1ccc(SC(F)(F)F)cc1,0
271,CN(C)CCC=C1c2ccccc2C=Cc2ccccc21.Cl,0
272,CC1(C)S[C@@H]2[C@H](NC(=O)[C@H](N)c3ccccc3)C(=O)N2[C@H]1C(=O)[O-].[Na+],0
273,Br.NC(=O)C(c1ccccc1)(c1ccccc1)[C@@H]1CCN(CCc2ccc3c(c2)CCO3)C1,0
274,CC(=O)N[C@@H](CCC(N)=O)C(=O)O,0
275,CC(C)(C)NCC(O)c1ccccc1Cl.Cl,0
276,CC(C)NCC(O)COc1ccc(CCOCC2CC2)cc1.Cl,0
277,COc1cccc(CCc2ccccc2OCC(CN(C)C)OC(=O)CCC(=O)O)c1.Cl,0
278,CC1(C)S[C@@H]2[C@H](NC(=O)C3(N)CCCCC3)C(=O)N2[C@H]1C(=O)O,0
279,Nc1nc(F)nc2c1ncn2[C@@H]1O[C@H](CO)[C@@H](O)[C@@H]1O,0
280,CC(=O)O[C@]1(C(C)=O)CC[C@H]2[C@@H]3C=C(C)C4=CC(=O)CC[C@@H]4[C@H]3CC[C@@]21C,0
281,O=C(CCCN1CC=C(n2c(=O)[nH]c3ccccc32)CC1)c1ccc(F)cc1,0
282,C[C@]12CC[C@@H]3c4ccc(O)cc4CC[C@H]3[C@@H]1C[C@@H](O)[C@@H]2O,0
283,CC(=O)Oc1ccccc1C(=O)Nc1ncc([N+](=O)[O-])s1,0
284,COc1nc(N)nc2c1ncn2[C@@H]1O[C@H](CO)[C@@H](O)[C@@H]1O,0
285,COc1ccccc1N1CCN(CCCNc2cc(=O)n(C)c(=O)n2C)CC1.Cl,0
286,N[C@@H](C(=O)N[C@@H]1C(=O)N2C(C(=O)O)=C(Cl)CC[C@H]12)c1ccccc1,0
287,CC(C)(C)CC(C)(C)c1ccc(OCCOCC[N+](C)(C)Cc2ccccc2)cc1.[Cl-],0
288,CCCCNc1cc(C(=O)O)cc(S(N)(=O)=O)c1Oc1ccccc1,0
289,CS(=O)(=O)O.Cc1ccc2c(c1)c1c3n2CCNC3CCC1,0
290,CN(C)CCN1C(=O)c2ccccc2N(C)c2ccccc21.Cl,0
291,CC(C)(C)C(=O)C(Oc1ccc(Cl)cc1)n1ccnc1,0
292,CO[C@H]1/C=C/O[C@@]2(C)Oc3c(C)c(O)c4c(O)c(c5c(c4c3C2=O)NC2(CCN(CC(C)C)CC2)N=5)=NC(=O)/C(C)=C\C=C\[C@H](C)[C@H](O)[C@@H](C)[C@@H](O)[C@@H](C)[C@H](OC(C)=O)[C@@H]1C,0
293,Cc1cccc(N(C)C(=S)Oc2ccc3ccccc3c2)c1,0
294,Oc1c(Br)cc(Br)c2cccnc12,0
295,CN(C)[C@@H]1C(=O)C(C(=O)NCNCCCC[C@H](N)C(=O)O)=C(O)[C@@]2(O)C(=O)C3=C(O)c4c(O)cccc4[C@@](C)(O)[C@H]3C[C@@H]12,0
296,CC(C)COC(=O)OCN1C(=O)CN(CCN2CC(=O)N(COC(=O)OCC(C)C)C(=O)C2)CC1=O,0
297,COCCCOc1ccnc(CS(=O)c2nc3ccccc3[n-]2)c1C.[Na+],0
298,CCOC(=O)O[C@]1(C(=O)OCCl)CC[C@H]2[C@@H]3CCC4=CC(=O)C=C[C@]4(C)[C@H]3[C@@H](O)C[C@@]21C,0
299,CC(=O)[C@H]1CC[C@H]2[C@@H]3C[C@H](C)C4=CC(=O)CC[C@]4(C)[C@H]3[C@@H](O)C[C@]12C,0
300,CO[C@@]1(NC(=O)C(C(=O)[O-])c2ccc(O)cc2)C(=O)N2C(C(=O)[O-])=C(CSc3nnnn3C)CO[C@@H]21.[Na+].[Na+],0
301,COc1ccc(CNc2nc(N3CCC[C@H]3CO)ncc2C(=O)NCc2ncccn2)cc1Cl,0
302,CN[C@@H]1[C@@H](O[C@H]2O[C@H](CO)[C@@H](N)[C@H](O)[C@H]2O)O[C@H]2C[C@@H](N)[C@@H](O[C@@H]3[C@@H](N)C[C@@H](N)[C@H](O)[C@H]3O)O[C@@H]2[C@@H]1O,0
303,CCCCOC(=O)c1ccccc1Nc1cccc(C(F)(F)F)c1,0
304,CC1CC(OC(=O)C(O)c2ccccc2)CC(C)(C)C1,0
305,CCC(=O)O[C@]1(C(=O)SCF)[C@H](C)C[C@H]2[C@@H]3C[C@H](F)C4=CC(=O)C=C[C@]4(C)[C@@]3(F)[C@@H](O)C[C@@]21C,0
306,COc1ccc2c(c1)c(CC(=O)OC/C=C(\C)CC/C=C(\C)CCC=C(C)C)c(C)n2C(=O)c1ccc(Cl)cc1,0
307,CN1C(C(=O)Nc2ccccn2)=C(O)c2ccccc2S1(=O)=O,0
308,CN(C/C=C/c1ccccc1)Cc1cccc2ccccc12.Cl,0
309,CC(C)(C)C(=O)OCOC(=O)[C@@H]1N2C(=O)[C@@H](N=CN3CCCCCC3)[C@H]2SC1(C)C.Cl,0
310,CN1C[C@H](C(=O)N[C@]2(C)O[C@@]3(O)[C@@H]4CCCN4C(=O)[C@H](Cc4ccccc4)N3C2=O)C[C@@H]2c3cccc4[nH]cc(c34)C[C@H]21.CN1C[C@H](C(=O)N[C@]2(C)O[C@@]3(O)[C@@H]4CCCN4C(=O)[C@H](Cc4ccccc4)N3C2=O)C[C@@H]2c3cccc4[nH]cc(c34)C[C@H]21.O=C(O)[C@H](O)[C@@H](O)C(=O)O,0
311,Cl.Cl.OCCOCCN1CCN(C(c2ccccc2)c2ccc(Cl)cc2)CC1,0
312,CS(=O)(=O)O.CS(=O)(=O)O.N=C(N)c1ccc2cc(OC(=O)c3ccc(N=C(N)N)cc3)ccc2c1,0
313,CCC[C@@H]1C[C@@H](C(=O)N[C@H]([C@H](C)Cl)[C@H]2O[C@H](SC)[C@H](OP(=O)(O)O)[C@@H](O)[C@H]2O)N(C)C1,0
314,CN(CCOc1ccc(CC2SC(=O)NC2=O)cc1)c1ccccn1.Cl,0
315,Nc1[nH]c(=O)ncc1F,0
316,CC(COc1ccccc1)N(CCCl)Cc1ccccc1.Cl,0
317,COc1ccc(CN2CCN(C(c3ccc(F)cc3)c3ccc(F)cc3)CC2)c(OC)c1OC.Cl.Cl,0
318,CC(C)c1ccc2oc3nc(N)c(C(=O)O)cc3c(=O)c2c1,0
319,COCC1=C(C(=O)OC(C)OC(=O)OC(C)C)N2C(=O)[C@@H](NC(=O)/C(=N\OC)c3csc(N)n3)[C@H]2SC1,0
320,Cc1ncc([N+](=O)[O-])n1C,0
321,Cn1c(NCCN(CCO)CCCc2ccc([N+](=O)[O-])cc2)cc(=O)n(C)c1=O,0
322,CN1CCN(C(=O)O[C@H]2c3nccnc3C(=O)N2c2ccc(Cl)cn2)CC1,0
323,COC(=O)[C@H]1[C@H]2C[C@@H]3c4[nH]c5cc(OC)ccc5c4CCN3C[C@H]2C[C@@H](OC(=O)c2cc(OC)c(OC)c(OC)c2)[C@@H]1OC,0
324,O=C1[C@H]2[C@@H]3CC[C@@H](C3)[C@H]2C(=O)N1CCCCN1CCN(c2ncccn2)CC1,0
325,CNCCCC1c2ccccc2C=Cc2ccccc21.Cl,0
326,C[C@]12CC[C@H]3[C@@H](C=CC4=CC(=O)CC[C@@]43C)[C@@H]1CC[C@@]21CCC(=O)O1,0
327,O=C(O)/C=C/C(=O)O.OCCOCCN1CCN(C2=Nc3ccccc3Sc3ccccc32)CC1.OCCOCCN1CCN(C2=Nc3ccccc3Sc3ccccc32)CC1,0
328,O=c1oc2ccccc2c(O)c1Cc1c(O)c2ccccc2oc1=O,0
329,CC(=O)[C@H]1CC[C@H]2[C@@H]3C=CC4=CC(=O)CC[C@@]4(C)[C@@H]3CC[C@]12C,0
330,CCCc1nc(C)c2c(=O)[nH]c(-c3cc(S(=O)(=O)N4CCN(CC)CC4)ccc3OCC)nn12,0
331,CCC(=O)OCC(=O)[C@@]1(OC(=O)CC)[C@@H](C)C[C@H]2[C@@H]3CCC4=CC(=O)C=C[C@]4(C)[C@@]3(Cl)[C@@H](O)C[C@@]21C,0
332,CC(C)c1nc(N(C)S(C)(=O)=O)nc(-c2ccc(F)cc2)c1/C=C/[C@@H](O)C[C@@H](O)CC(=O)O,0
333,CC1=C(CC(=O)O)c2cc(F)ccc2/C1=C\c1ccc(S(C)=O)cc1,0
334,COc1ccccc1N1CCN(CCCCNC(=O)c2ccc3ccccc3c2)CC1.Cl.Cl,0
335,CC(CN(C)C)CN1c2ccccc2Sc2ccccc21.CC(CN(C)C)CN1c2ccccc2Sc2ccccc21.O=C(O)[C@H](O)[C@@H](O)C(=O)O,0
336,CCN1CCN(c2cc3c(cc2F)c(=O)c(C(=O)O)cn3C2CC2)CC1,0
337,OC(Cn1cncn1)(Cn1cncn1)c1ccc(F)cc1F,0
338,CN/C(=C\[N+](=O)[O-])NCCSCc1csc(CN(C)C)n1,0
339,COc1cc(C(=O)NC2CCCNC2)cc(OC)c1OC,0
340,NC(=O)c1ncn([C@@H]2O[C@H](CO)[C@@H](O)[C@H]2O)n1,0
341,Cn1c(=O)c2c(ncn2C)n(C)c1=O,0
342,CCN(C)C(=O)Oc1cccc([C@H](C)N(C)C)c1,0
343,CCC(C)n1ncn(-c2ccc(N3CCN(c4ccc(OCC5COC(Cn6cncn6)(c6ccc(Cl)cc6Cl)O5)cc4)CC3)cc2)c1=O,0
344,CC(C)CN(C[C@@H](O)[C@H](Cc1ccccc1)NC(=O)O[C@H]1CCOC1)S(=O)(=O)c1ccc(N)cc1,0
345,CNC(=O)OCc1cccc(COC(=O)NC)n1,0
346,CN(C)CCN(Cc1cccs1)c1ccccn1.Cl,0
347,CCOc1ccccc1OCC1CNCCO1.Cl,0
348,C=CC1=C(C(=O)O)N2C(=O)[C@@H](NC(=O)/C(=N\O)c3csc(N)n3)[C@H]2SC1,0
349,CCN(CC)CC#CCOC(=O)C(O)(c1ccccc1)C1CCCCC1.Cl,0
350,CCCCCN(CCCCC)C(=O)C(CCC(=O)[O-])NC(=O)c1ccc(Cl)c(Cl)c1.[Na+],0
351,CCOC(=O)Nc1ccc2c(c1)N(C(=O)CCN1CCOCC1)c1ccccc1S2.Cl,0
352,CCOC(=O)C1=C(C)NC(C)=C(C(=O)OC)C1c1cccc([N+](=O)[O-])c1,0
353,CCOC(=O)/C=C(C)/C=C/C=C(C)/C=C/c1c(C)cc(OC)c(C)c1C,0
354,COc1cc(N)c(Cl)cc1C(=O)NC1CCN(CCCOc2ccc(F)cc2)CC1OC,0
355,CC12CC3CC(C)(C1)CC(N)(C3)C2.Cl,0
356,C#C[C@]1(O)CC[C@H]2[C@@H]3CCC4=C(CCC(=O)C4)[C@H]3CC[C@@]21C,0
357,COc1ccc(C(=O)c2ccccc2O)c(O)c1,0
358,O=C(CCCCC(=O)Nc1c(I)cc(I)c(C(=O)O)c1I)Nc1c(I)cc(I)c(C(=O)O)c1I,0
359,CC[N+](C)(CC)CCOC(=O)C1c2ccccc2Oc2ccccc21.[Br-],0
360,CNC(C)CCC=C(C)C.CNC(C)CCC=C(C)C.O=C(O)[C@@H](O)[C@H](O)[C@H](O)[C@@H](O)C(=O)O,0
361,COc1ccc(-c2ccc3cc(C(=O)O)ccc3c2)cc1C12CC3CC(CC(C3)C1)C2,0
362,CC1(C)S[C@@H]2[C@H](NC(=O)[C@H](N)c3ccccc3)C(=O)N2[C@H]1C(=O)OC1OC(=O)c2ccccc21.Cl,0
363,CCN(CC)C(=O)N[C@H]1C=C2c3cccc4[nH]cc(c34)C[C@H]2N(C)C1,0
364,CCNC1(c2cccs2)CCCCC1=O.Cl,0
365,CCN(CC)CCOC(=O)C(c1ccccc1)C1CCCCC1.Cl,0
366,C[N+](C)(CCOc1ccccc1)Cc1ccccc1.O=C(O)c1cc2ccccc2cc1[O-],0
367,CC(O)C(=O)O.CCOc1ccc2nc3cc(N)ccc3c(N)c2c1,0
368,CN(C)c1ccc2nc3ccc(=[N+](C)C)cc-3sc2c1.[Cl-],0
369,Cn1cnc([N+](=O)[O-])c1Sc1ncnc2nc[nH]c12,0
370,CN(C)CCc1c[nH]c2ccc(C[C@H]3COC(=O)N3)cc12,0
371,CCOc1ccc(Cc2nccc3cc(OCC)c(OCC)cc23)cc1OCC.Cl,0
372,Cl.O=C(COc1ccc(Cl)cc1)N1CCN(Cc2ccc3c(c2)OCO3)CC1,0
373,COCCOC(=O)C1=C(C)NC(C)=C(C(=O)OC(C)C)C1c1cccc([N+](=O)[O-])c1,0
374,O=[N+]([O-])O[C@@H]1CO[C@@H]2[C@@H](O)CO[C@H]12,0
375,CC(=O)S[C@@H]1CC2=CC(=O)CC[C@]2(C)[C@H]2CC[C@@]3(C)[C@@H](CC[C@@]34CCC(=O)O4)[C@@H]21,0
376,CC(=O)O[C@]1(C(C)=O)CC[C@H]2[C@@H]3C=C(Cl)C4=CC(=O)[C@@H]5C[C@@H]5[C@]4(C)[C@H]3CC[C@@]21C,0
377,C[C@]12CC[C@@H]3[C@H]4CCC(=O)C=C4CC[C@H]3[C@@H]1CC[C@@H]2O,0
378,Cc1c(Cl)cccc1Nc1ccccc1C(=O)O,0
379,C#C[C@]1(O)C=C[C@H]2[C@@H]3CCC4=CC(=O)CC[C@@H]4[C@H]3CC[C@@]21CC,0
380,CCc1c(C)[nH]c2c1C(=O)C(CN1CCOCC1)CC2.Cl,0
381,C[C@@H]1CC[C@H]2[C@@H](C)[C@H](OC(=O)CCC(=O)O)O[C@@H]3O[C@@]4(C)CC[C@@H]1[C@@]23OO4,0
382,CC(CN(C)C)CN1c2ccccc2CCc2ccccc21.O=C(O)/C=C\C(=O)O,0
383,O=C(CCCN1CCC(O)(c2ccc(Cl)cc2)CC1)c1ccc(F)cc1,0
384,Cc1cccc(CN2CCN(C(c3ccccc3)c3ccc(Cl)cc3)CC2)c1.Cl.Cl,0
385,CC(O)(CS(=O)(=O)c1ccc(F)cc1)C(=O)Nc1ccc(C#N)c(C(F)(F)F)c1,0
386,COc1cc2c(cc1OC)CC(=O)N(CCCN(C)C[C@H]1Cc3cc(OC)c(OC)cc31)CC2.Cl,0
387,C#C[C@]1(OC(C)=O)CC[C@H]2[C@@H]3CCC4=C[C@@H](OC(C)=O)CC[C@@H]4[C@H]3CC[C@@]21C,0
388,Nc1ccc(C(=O)O)c(O)c1,0
389,CCOC(=O)c1cncn1C(C)c1ccccc1,0
390,COC(=O)Nc1nc2ccc(S(=O)c3ccccc3)cc2[nH]1,0
391,CC(C)c1c(CN(C)C(C)Cc2ccccc2)n(C)n(-c2ccccc2)c1=O,0
392,CC[C@H](C)[C@H](NC(=O)[C@H](Cc1ccc(O)cc1)NC(=O)[C@@H](NC(=O)[C@H](CCCN=C(N)N)NC(=O)[C@@H](N)CC(=O)O)C(C)C)C(=O)N[C@@H](Cc1cnc[nH]1)C(=O)N1CCC[C@H]1C(=O)N[C@@H](Cc1ccccc1)C(=O)O,0
393,CC1(C)S[C@@H]2[C@H](NC(=O)[C@@H](c3ccccc3)S(=O)(=O)O)C(=O)N2[C@H]1C(=O)O,0
394,CCN(CC)C(C)CN1c2ccccc2Sc2ccccc21.Cl,0
395,Nc1nnc(-c2cccc(Cl)c2Cl)c(N)n1,0
396,Cl.Clc1ccccc1CN1CCc2sccc2C1,0
397,CN(C)CCCO[C@H]1[C@@H]([C@H](O)CO)O[C@@H]2OC(C)(C)O[C@H]12.Cl,0
398,CC(C)(C#N)c1cc(Cn2cncn2)cc(C(C)(C)C#N)c1,0
399,NC(CO)(CO)CO.O=C(c1ccccc1)c1ccc2n1CCC2C(=O)O,0
400,CN1CCc2cccc3c2[C@H]1Cc1ccc(O)c(O)c1-3.Cl.O,0
401,CO[C@@H]1[C@@H](OC(N)=O)[C@H](O)[C@H](Oc2ccc3c(O)c(NC(=O)c4ccc([O-])c(CC=C(C)C)c4)c(=O)oc3c2C)OC1(C)C.[Na+],0
402,CCC(c1ccc(O)cc1)C(CC)c1ccc(O)cc1,0
403,CCC[C@H](N[C@@H](C)C(=O)N1[C@H](C(=O)O)C[C@@H]2CCCC[C@@H]21)C(=O)OCC,0
404,CC(C)c1c(C(=O)Nc2ccccc2)c(-c2ccccc2)c(-c2ccc(F)cc2)n1CC[C@@H](O)C[C@@H](O)CC(=O)O,0
405,CNCC[C@@H](Oc1ccccc1C)c1ccccc1.Cl,0
406,C[C@@H](O)[C@H]1C(=O)N2C(C(=O)O)=C(S[C@@H]3CN[C@H](C(=O)N(C)C)C3)[C@H](C)[C@H]12,0
407,CNNCc1ccc(C(=O)NC(C)C)cc1.Cl,0
408,NS(=O)(=O)c1cc(C(=O)O)cc(N2CCCC2)c1Oc1ccccc1,0
409,O=C(Oc1cccc2cccnc12)c1ccccc1,0
410,CN(C)CCOC(c1ccccc1)c1ccccc1.Cl,0
411,CC(=O)OCC(=O)[C@@]12N=C(C)O[C@@H]1C[C@H]1[C@@H]3CCC4=CC(=O)C=C[C@]4(C)[C@H]3[C@@H](O)C[C@@]12C,0
412,COC(=O)C1=C(C#N)NC(C)=C(C(=O)OC(C)C)C1c1cccc([N+](=O)[O-])c1,0
413,CCOc1cc(CC(=O)N[C@@H](CC(C)C)c2ccccc2N2CCCCC2)ccc1C(=O)O,0
414,CCCCOC(=O)c1ccc(O)cc1,0
415,CN(Cc1ccc(C(C)(C)C)cc1)Cc1cccc2ccccc12.Cl,0
416,CC(/C=C1\SC(=S)N(CC(=O)O)C1=O)=C\c1ccccc1,0
417,O=[N+]([O-])c1ccc(O)c2ncccc12,0
418,CS(=O)(=O)CCNCc1ccc(-c2ccc3ncnc(Nc4ccc(OCc5cccc(F)c5)c(Cl)c4)c3c2)o1,0
419,O=C(CCCN1CCC(n2c(=O)[nH]c3ccccc32)CC1)c1ccc(F)cc1,0
420,O=C(CCCl)NCc1ccccc1,0
421,CC1(C)[C@H](C(=O)O)N2C(=O)C[C@H]2S1(=O)=O,0
422,CCc1oc2ccccc2c1C(=O)c1ccc(O)cc1,0
423,COc1cc(-c2ccc(=O)[nH]n2)ccc1OC(F)F,0
424,CC1=NN(c2ccccc2)C(=O)C1,0
425,C[C@]12Cc3cn[nH]c3C[C@@H]1CC[C@@H]1[C@@H]2CC[C@@]2(C)[C@H]1CC[C@]2(C)O,0
426,CCCNC(C)C(=O)Nc1c(C)csc1C(=O)OC.Cl,0
427,CC(=O)[C@H]1CC[C@H]2[C@@H]3CCC4=CC(=O)CC[C@]4(C)[C@H]3CC[C@]12C,0
428,CN1CCN(C2=Nc3ccccc3Oc3ccc(Cl)cc32)CC1.O=C(O)CCC(=O)O,0
429,Cc1cn([C@H]2C=C[C@@H](CO)O2)c(=O)[nH]c1=O,0
430,C/C(=C1/CCOC(=O)S1)N(C=O)Cc1cnc(C)nc1N,0
431,CN(C)[C@@H]1C(=O)C(C(N)=O)=C(O)[C@@]2(O)C(=O)C3=C(O)c4c(O)cccc4[C@@](C)(O)[C@H]3[C@H](O)[C@@H]12.O.O,0
432,C[C@H](O)[C@H](O)[C@H]1CNc2nc(N)[nH]c(=O)c2N1.Cl.Cl,0
433,O=C(NCCNCC(O)COc1ccc(O)cc1)N1CCOCC1.O=C(NCCNCC(O)COc1ccc(O)cc1)N1CCOCC1.O=C(O)/C=C/C(=O)O,0
434,COC(=O)C1=C(C)NC(C)=C(C(=O)OC(C)C)C1c1cccc2nonc12,0
435,O=C(Cn1cnnn1)N[C@@H]1C(=O)N2C(C(=O)O)=C(CSc3nncs3)CS[C@H]12,0
436,CCn1cc(C(=O)O)c(=O)c2cc(F)c(N3CCNC(C)C3)c(F)c21.Cl,0
437,O=C1N=C([O-])CN1/N=C/c1ccc(-c2ccc([N+](=O)[O-])cc2)o1.[Na+],0
438,C[C@H](NCCc1ccc(O)cc1)[C@H](O)c1ccc(O)cc1.Cl,0
439,CN1C(=O)CC(c2ccccc2)C1=O,0
440,CC(C)c1cccc(C(C)C)c1O,0
441,C=CCOC(Cn1ccnc1)c1ccc(Cl)cc1Cl,0
442,CN1CCN(C(c2ccccc2)c2ccccc2)CC1.Cl,0
443,C#C[C@]1(O)CC[C@H]2[C@@H]3CCC4=CC(=O)CC[C@@H]4[C@H]3CC[C@@]21C,0
444,C[C@H]1C[C@H](C)C(=O)[C@H]([C@H](O)CC2CC(=O)NC(=O)C2)C1,0
445,O=c1oc2cc(O)ccc2s1,0
446,C#CCN(C)CCCOc1ccc(Cl)cc1Cl.Cl,0
447,O=c1[nH]c2ccccc2n1CCCN1CCC(n2c(=O)[nH]c3cc(Cl)ccc32)CC1,0
448,CCCCN(CCCC)CCCOC(=O)c1ccc(N)cc1,0
449,CN(C)CCC(c1ccc(Br)cc1)c1ccccn1.O=C(O)/C=C\C(=O)O,0
450,CCOC(=O)CC(=O)N1CCSC1COc1ccccc1OC,0
451,O=c1[nH]c(=O)n([C@H]2C[C@H](O)[C@@H](CO)O2)cc1C(F)(F)F,0
452,CC(C)(C)NC(=O)[C@@H]1CN(Cc2cccnc2)CCN1C[C@@H](O)C[C@@H](Cc1ccccc1)C(=O)N[C@H]1c2ccccc2C[C@H]1O.O=S(=O)(O)O,0
453,C[C@]12CC[C@@H]3c4ccc(O)cc4CC[C@H]3[C@@H]1CC[C@@H]2O,0
454,CC[C@@]1([C@@H]2O[C@@H]([C@H]3O[C@@](O)(CO)[C@H](C)C[C@@H]3C)C[C@@H]2C)CC[C@H]([C@]2(C)CC[C@]3(C[C@H](O)[C@@H](C)[C@@H]([C@@H](C)[C@@H](OC)[C@H](C)C(=O)[O-])O3)O2)O1.[Na+],0
455,C#C[C@]1(O)CC[C@H]2[C@H]3[C@H](CC[C@@]21C)C1=C(CC(=O)CC1)C[C@H]3C,0
456,NC(=O)NS(=O)(=O)c1ccc(N)cc1,0
457,CCOC(=O)[C@@](C)(N)Cc1ccc(O)c(O)c1.Cl,0
458,COc1ccc2c(c1)c(CC(=O)OCC(=O)O)c(C)n2C(=O)c1ccc(Cl)cc1,0
459,Nc1ccc(O)c(C(=O)O)c1,0
460,c1cnc(N2CCN(Cc3ccc4c(c3)OCO4)CC2)nc1,0
461,CC(=O)OCC(=O)[C@@]1(O)CC[C@H]2[C@@H]3CCC4=CC(=O)C=C[C@]4(C)[C@@]3(Cl)[C@@H](Cl)C[C@@]21C,0
462,Cl.c1ccc([C@H]2CN3CCSC3=N2)cc1,0
463,O.O=C(O)C(O)C(O)C(=O)O.O=C(c1ccc(F)cc1)C1CCN(CCn2c(=O)[nH]c3ccccc3c2=O)CC1,0
464,CCOC(=O)C(C)(N)Cc1cc(I)c(Oc2cc(I)c(O)c(I)c2)c(I)c1.Cl,0
465,C[C@]12CC(=O)[C@H]3[C@@H](CCC4=CC(=O)CC[C@@]43C)[C@@H]1CCC2=O,0
466,CCOc1ccc2ccccc2c1C(=O)N[C@@H]1C(=O)N2[C@@H](C(=O)[O-])C(C)(C)S[C@H]12.O.[Na+],0
467,C=C1CC[C@H](O)C/C1=C/C=C1\CCC[C@@]2(C)[C@H]1CC[C@@H]2[C@H](C)CCCC(C)C,0
468,C[C@H](NCc1ccc(OCc2cccc(F)c2)cc1)C(N)=O,0
469,CC(CCc1ccccc1)NCC(O)c1ccc(O)c(C(N)=O)c1.Cl,0
470,Cl.Cl.NCCc1cnc[nH]1,0
471,Brc1c(NC2=NCCN2)ccc2nccnc12.O=C(O)[C@H](O)[C@@H](O)C(=O)O,0
472,CCC(=O)OCC(=O)[C@@]1(OC(=O)CC)[C@H](C)C[C@H]2[C@H]3[C@H]([C@@H](O)C[C@@]21C)[C@@]1(C)C=CC(=O)C=C1C[C@H]3Cl,0
473,COCCCC/C(=N\OCCN)c1ccc(C(F)(F)F)cc1.O=C(O)/C=C\C(=O)O,0
474,CCCCC1=NC2(CCCC2)C(=O)N1Cc1ccc(-c2ccccc2-c2nn[nH]n2)cc1,0
475,O=C(O)c1cc(=O)[nH]c(=O)[nH]1,0
476,O=C(O)c1cccnc1,0
477,CC(=O)N=c1sc(S(N)(=O)=O)nn1C,0
478,CN1CCC(=C2c3ccccc3CCc3sccc32)CC1.O=C(O)CC(O)C(=O)O,0
479,NC(N)=NCc1cccc(I)c1.NC(N)=NCc1cccc(I)c1.O=S(=O)(O)O,0
480,CC(=O)O[C@H]1C[C@@H]2CC[C@@H]3[C@H](CC[C@@]4(C)[C@H]3C[C@H]([N+]3(C)CCCCC3)[C@@H]4OC(C)=O)[C@@]2(C)C[C@@H]1N1CCCCC1.[Br-],0
481,CCN1CCC[C@H]1CNC(=O)c1c(OC)ccc(Br)c1OC.Cl,0
482,CS(=O)(=O)O.O.O=C(OC1C[C@@H]2CC3C[C@H](C1)N2CC3=O)c1c[nH]c2ccccc12,0
483,CO/N=C(\C(=O)N[C@@H]1C(=O)N2C(C(=O)OCOC(=O)C(C)(C)C)=C(/C=C\c3scnc3C)CS[C@H]12)c1csc(N)n1,0
484,CC(C(=O)O)c1ccc(CC2CCCC2=O)cc1,0
485,Oc1c(I)cc(Cl)c2cccnc12,0
486,Oc1ccc(Cl)cc1Cc1cc(Cl)ccc1O,0
487,NS(=O)(=O)c1cc2c(cc1Cl)NC(CC1CCCC1)NS2(=O)=O,0
488,CC(=O)Oc1c(C)cccc1C(=O)O,0
489,CC[N+](CC)(CC(=O)Nc1c(C)cccc1C)Cc1ccccc1.O=C([O-])c1ccccc1,0
490,O=c1[nH]c(=O)n(C2CCCO2)cc1F,0
491,CC(C)(O)c1ccccc1CC[C@@H](SCC1(CC(=O)O)CC1)c1cccc(/C=C/c2ccc3ccc(Cl)cc3n2)c1,0
492,CNCC(O)c1ccc(O)c(O)c1.Cl,0
493,NC(=O)c1cn(Cc2c(F)cccc2F)nn1,0
494,CCN[C@H]1C[C@H](C)S(=O)(=O)c2sc(S(N)(=O)=O)cc21.Cl,0
495,C=C1C[C@H]2[C@@H]3C=C(C)C4=CC(=O)CC[C@]4(C)[C@H]3CC[C@]2(C)[C@@]1(OC(C)=O)C(C)=O,0
496,CN(CCOc1ccc(NS(C)(=O)=O)cc1)CCc1ccc(NS(C)(=O)=O)cc1,0
497,COc1ccc(C(=O)c2ccccc2)c(O)c1,0
498,COCCOC(=O)C1=C(C)NC(C)=C(C(=O)OC/C=C/c2ccccc2)C1c1cccc([N+](=O)[O-])c1,0
499,O=C(O)[C@H]1/C(=C/CO)O[C@@H]2CC(=O)N21,0
500,C[N+]12CCC(CC1)C(OC(=O)C(O)(c1ccccc1)c1ccccc1)C2.[Br-],0
501,COc1c2occc2c(OC)c2c(=O)cc(C)oc12,0
502,O=C(O)Cc1ccccc1Oc1ccc(Cl)cc1Cl,0
503,C[N+]1(C)[C@H]2CC[C@@H]1CC(OC(=O)C(CO)c1ccccc1)C2.O=[N+]([O-])[O-],0
504,Cc1ccnc2c1NC(=O)c1cccnc1N2C1CC1,0
505,CC[C@H](C)C(=O)O[C@H]1C[C@H](O)C=C2C=C[C@H](C)[C@H](CC[C@@H](O)C[C@@H](O)CC(=O)O)[C@H]21,0
506,CN(C)c1nc(N(C)C)nc(N(C)C)n1,0
507,O=C(NCCN1CCOCC1)c1ccc(Cl)cc1,0
508,CC(C)(C)NC[C@H](O)COc1ccccc1C1CCCC1.CC(C)(C)NC[C@H](O)COc1ccccc1C1CCCC1.O=S(=O)(O)O,0
509,NCCC[C@H](N)CC(=O)N[C@H]1CNC(=O)[C@H]([C@H]2C[C@H](O)NC(N)=N2)NC(=O)/C(=C/NC(N)=O)NC(=O)[C@H](CO)NC(=O)[C@H](CO)NC1=O.O=S(=O)(O)O,0
510,COc1ccc(Cc2nccc3cc(OC)c(OC)cc23)cc1OC.Cl,0
511,CN1CCN(C2Cc3ccccc3Sc3ccc(Cl)cc32)CC1.O=C(O)C=CC(=O)O,0
512,C#C[C@]1(O)CC[C@H]2[C@@H]3CCC4=CC(=O)CCC4=C3C=C[C@@]21CC,0
513,Cc1cnc(NC(=O)C2=C(O)c3ccccc3S(=O)(=O)N2C)s1,0
514,Cc1ccc2c([nH]c(=O)c3c(=O)cc(C(=O)OCCC(C)C)oc32)c1C,0
515,CO/N=C(\C(=O)N[C@@H]1C(=O)N2C(C(=O)[O-])=C(C[n+]3ccn4ncccc43)CS[C@H]12)c1nsc(N)n1.Cl,0
516,Cc1ccc(N(CC2=NCCN2)c2cccc(O)c2)cc1.Cl,0
517,CCCN[C@H]1CCc2nc(N)sc2C1.Cl.Cl,0
518,COc1ccc2c(c1)C(=O)N(CCc1ccc(S(=O)(=O)NC(=O)NC3CCCCC3)cc1)C(=O)C2(C)C,0
519,CC(=O)N[C@@H]1[C@@H](N=C(N)N)C=C(C(=O)O)O[C@H]1[C@H](O)[C@H](O)CO,0
520,C[C@]12C[C@H](O)[C@H]3[C@@H](CCC4=CC(=O)C=C[C@@]43C)[C@@H]1CC[C@]2(O)C(=O)CO,0
521,CC(C)(C)C(=O)OCOC(=O)[C@@H]1N2C(=O)[C@@H](NC(=O)[C@H](N)c3ccccc3)[C@H]2SC1(C)C,0
522,CCCCC(=O)N(Cc1ccc(-c2ccccc2-c2nn[nH]n2)cc1)[C@H](C(=O)O)C(C)C,0
523,O=C(O)c1ccccc1OP(=O)(O)O,0
524,CC(C)(C(=O)c1cccnc1)c1cccnc1,0
525,CS(=O)(=O)c1ccc([C@@H](O)[C@@H](CF)NC(=O)C(Cl)Cl)cc1,0
526,Cl.Cn1cc(C(=O)[C@@H]2CCc3nc[nH]c3C2)c2ccccc21,0
527,COc1ccc(C2CNC(=O)C2)cc1OC1CCCC1,0
528,CO/N=C(\C(=O)N[C@@H]1C(=O)N2C(C(=O)O)=C(C[N+]3(C)CCCC3)CS[C@H]12)c1csc(N)n1.Cl.O.[Cl-],0
529,CN1CCCCC1CCN1c2ccccc2Sc2ccc(S(C)=O)cc21.O=S(=O)(O)c1ccccc1,0
530,CC(=O)SCC(Cc1ccccc1)C(=O)NCC(=O)OCc1ccccc1,0
531,Nc1nc(N)nc(NC2CC2)n1,0
532,Cl.O=C1OC(CN2CCOCC2)CN1/N=C/c1ccc([N+](=O)[O-])o1,0
533,O=P(O)(O)C(O)(Cc1cccnc1)P(=O)(O)O,0
534,COC(=O)Nc1nc2ccc(SC(C)C)cc2[nH]1,0
535,C=CCN1CC[C@]23c4c5ccc(O)c4O[C@H]2C(=O)CC[C@@]3(O)[C@H]1C5.Cl,0
536,NC[C@@H]1O[C@H](O[C@@H]2[C@@H](CO)O[C@@H](O[C@@H]3[C@@H](O)[C@H](N)C[C@H](N)[C@H]3O[C@H]3O[C@H](CO)[C@@H](O)[C@H](O)[C@H]3N)[C@@H]2O)[C@H](N)[C@@H](O)[C@@H]1O.O=S(=O)(O)O,0
537,C/C=C/C(=O)N(CC)c1ccccc1C,0
538,C#CCN[C@@H]1CCc2ccccc21,0
539,N[C@@H](CSCCCO)C(=O)O,0
540,COc1cc2ncnc(Nc3ccc(F)c(Cl)c3)c2cc1OCCCN1CCOCC1,0
541,C1N2CN3CN1CN(C2)C3,0
542,CC(=O)OCC(=O)[C@@]12OC(C)(C)O[C@@H]1C[C@H]1[C@@H]3C[C@H](F)C4=CC(=O)C=C[C@]4(C)[C@@]3(F)[C@@H](O)C[C@@]12C,0
543,NC(=O)c1cc[n+](CC2=C(C(=O)[O-])N3C(=O)[C@@H](NC(=O)[C@@H](c4ccccc4)S(=O)(=O)[O-])[C@H]3SC2)cc1.[Na+],0
544,CC(CN(C)C)C(C)(O)Cc1ccc(Cl)cc1.Cl,0
545,CC(C)(Sc1cc(C(C)(C)C)c(O)c(C(C)(C)C)c1)Sc1cc(C(C)(C)C)c(O)c(C(C)(C)C)c1,0
546,O=S(=O)([O-])CCS.[Na+],0
547,CCN[C@@H]1C[C@H](N)[C@@H](O[C@H]2OC(CN)=CC[C@H]2N)[C@H](O)[C@H]1O[C@H]1OC[C@](C)(O)[C@H](NC)[C@H]1O.CCN[C@@H]1C[C@H](N)[C@@H](O[C@H]2OC(CN)=CC[C@H]2N)[C@H](O)[C@H]1O[C@H]1OC[C@](C)(O)[C@H](NC)[C@H]1O.O=S(=O)(O)O.O=S(=O)(O)O.O=S(=O)(O)O.O=S(=O)(O)O.O=S(=O)(O)O,0
548,Cc1ccc(Nc2c(F)cccc2Cl)c(CC(=O)O)c1,0
549,CC(=O)OCC(=O)[C@@]1(O)CC[C@H]2[C@@H]3CCC4=CC(=O)CC[C@]4(C)[C@@]3(F)[C@@H](O)C[C@@]21C,0
550,C[C@H]1C[C@H]2[C@@H]3CCC4=CC(=O)C=C[C@]4(C)[C@@]3(F)[C@@H](O)C[C@]2(C)[C@@]1(O)C(=O)CO,0
551,CC(C)N(CCC(C(N)=O)(c1ccccc1)c1ccccn1)C(C)C,0
552,Cl.NCC(O)c1ccc(O)cc1,0
553,CCOC(=O)C1=C[C@]2(CC)CCCN3CCc4c(n1c1ccccc41)[C@@H]32,0
554,CCOC(=O)[C@H](CCc1ccccc1)N[C@@H](C)C(=O)N1Cc2ccccc2C[C@H]1C(=O)O.Cl,0
555,COc1cccc(OC)c1C(=O)N[C@@H]1C(=O)N2[C@@H](C(=O)[O-])C(C)(C)S[C@H]12.[Na+],0
556,Cc1ccc(C)c(OCCCC(C)(C)C(=O)O)c1,0
557,CCCOc1ccccc1-c1nc2n[nH]nc2c(=O)[nH]1,0
558,CN(C)C(=O)Oc1cc(OC(=O)N(C)C)cc(C(O)CNC(C)(C)C)c1.Cl,0
559,Cl.NC(CO)C(=O)NNCc1ccc(O)c(O)c1O,0
560,CCC(C)C(C(=O)OCC[N+](C)(CC)CC)c1ccccc1.[Br-],0
561,CC/C=C(\C(=O)N[C@@H]1C(=O)N2C(C(=O)OCOC(=O)C(C)(C)C)=C(COC(N)=O)CS[C@H]12)c1csc(N)n1.Cl,0
562,C#C[C@]1(O)CC[C@H]2[C@@H]3CCC4=Cc5oncc5C[C@]4(C)[C@H]3CC[C@@]21C,0
563,CC(=O)Nc1ccc(OCC(O)CNC(C)C)cc1,0
564,C[C@H](CCC(=O)O)[C@H]1CC[C@H]2[C@H]3[C@H](CC[C@@]21C)[C@@]1(C)CC[C@@H](O)C[C@H]1C[C@H]3O,0
565,Cc1ccc(=O)n(-c2ccccc2)c1,0
566,NC(=O)CN1CC(O)CC1=O,0
567,C[C@]12CC[C@H](O)C[C@H]1CC[C@@H]1[C@@H]2C[C@@H](O)[C@]2(C)[C@@H](C3=CC(=O)OC3)CC[C@]12O,0
568,O=c1c2ccccc2[se]n1-c1ccccc1,0
569,CN[C@@H]1CCc2[nH]c3ccc(C(N)=O)cc3c2C1.O=C(O)CCC(=O)O,0
570,CC[N+](CC)(CC)CCC(O)(c1ccccc1)C1CCCCC1.[Cl-],0
571,CC(C)Nc1ncccn1,0
572,O=C(O)C1CSCN1,0
573,CC(C)(C)NC(=O)[C@H]1CC[C@H]2[C@@H]3CC[C@H]4NC(=O)C=C[C@]4(C)[C@H]3CC[C@]12C,0
574,CCOC(=O)C1=C(C)NC(C)=C(C(=O)OC)C1c1cccc(Cl)c1Cl,0
575,CS(=O)(=O)c1ccc(C2=C(c3ccccc3)C(=O)OC2)cc1,0
576,CC[N+](C)(C)Cc1ccccc1Br.Cc1ccc(S(=O)(=O)[O-])cc1,0
577,COc1cc(C)c(/C=C/C(C)=C/C=C/C(C)=C/C(=O)O)c(C)c1C,0
578,CO/N=C(\C(=O)N[C@@H]1C(=O)N2C(C(=O)[O-])=C(COC(N)=O)CS[C@H]12)c1ccco1.[Na+],0
579,CN1Cc2c(N)cccc2C(c2ccccc2)C1.O=C(O)/C=C\C(=O)O,0
580,C[n+]1ccccc1/C=N/O.[Cl-],0
581,CC(=O)OCC(CCn1cnc2cnc(N)nc21)COC(C)=O,0
582,CCn1cc(C(=O)O)c(=O)c2cc3c(cc21)OCO3,0
583,CCc1oc2ccccc2c1C(=O)c1cc(I)c(O)c(I)c1,0
584,CC(=O)Nc1ccc(C(=O)O)cc1,0
585,C[C@]12CC[C@H](O)C[C@H]1CC[C@@H]1[C@@H]2CC[C@]2(C)[C@@H](C3=CC(=O)OC3)CC[C@]12O,0
586,CCCC(=O)Nc1ncnc2c1ncn2[C@@H]1O[C@@H]2COP(=O)([O-])O[C@H]2[C@H]1OC(=O)CCC.[Na+],0
587,CO[C@H]1/C=C/O[C@@]2(C)Oc3c(C)c(O)c4c(O)c(c(/C=N/N5CCN(C)CC5)c(O)c4c3C2=O)NC(=O)/C(C)=C\C=C\[C@H](C)[C@H](O)[C@@H](C)[C@@H](O)[C@@H](C)[C@H](OC(C)=O)[C@@H]1C,0
588,CCN(CC)CCNC(=O)c1ccc(N)cc1.Cl,0
589,COc1cc(NS(=O)(=O)c2ccc(N)cc2)ncn1,0
590,CC(=O)O[C@H]1C[C@H](O[C@H]2[C@@H](O)C[C@H](O[C@H]3[C@@H](O)C[C@H](O[C@H]4CC[C@]5(C)[C@H]6C[C@@H](O)[C@]7(C)[C@@H](C8=CC(=O)OC8)CC[C@]7(O)[C@@H]6CC[C@@H]5C4)O[C@@H]3C)O[C@@H]2C)O[C@H](C)[C@H]1O[C@@H]1O[C@H](CO)[C@@H](O)[C@H](O)[C@H]1O,0
591,O=c1[nH]c(=O)n([C@H]2C[C@H](O)[C@@H](CO)O2)cc1/C=C/Br,0
592,O=C(O)Cc1csc(-c2ccc(Cl)cc2)n1,0
593,CC[C@@H](CO)NC(=O)[C@@H]1C=C2c3cccc4[nH]cc(c34)C[C@H]2N(C)C1.O=C(O)/C=C\C(=O)O,0
594,Cl.O=C1NCC2(CCN(CCc3ccccc3)CC2)O1,0
595,O=C1O[C@H]([C@@H](O)CO)C(O)=C1O,0
596,CC(C)(C)NCC(O)c1ccccc1Cl.Cl,0
597,CCCC(=O)OCOC(=O)C1=C(C)NC(C)=C(C(=O)OC)C1c1cccc(Cl)c1Cl,0
598,O=c1[nH]cnc2[nH]ncc12,0
599,CN1CCN(c2c(F)cc3c(=O)c(C(=O)O)cn(CCF)c3c2F)CC1,0
600,CC(=O)Nc1ccccc1,0
601,NS(=O)(=O)c1cc(Cl)c(Cl)c(S(N)(=O)=O)c1,0
602,CCCC(CCC)C(=O)O,0
603,COc1ccccc1O,0
604,NS(=O)(=O)c1cc2c(cc1Cl)NC(CSCc1ccccc1)=NS2(=O)=O,0
605,Cc1ccsc1C(=CCCN1CCC[C@@H](C(=O)O)C1)c1sccc1C.Cl,0
606,Nc1ccc(C(=O)NCC(=O)O)cc1,0
607,Nc1ncn(C2O[C@H](CO)[C@H](O)[C@@H]2O)c(=O)n1,0
608,O=P1(N(CCCl)CCCl)NCCCO1,0
609,CC(C)Nc1cccnc1N1CCN(C(=O)c2cc3cc(NS(C)(=O)=O)ccc3[nH]2)CC1,0
610,O=C(O)CCc1nc(-c2ccccc2)c(-c2ccccc2)o1,0
611,Cc1cccn2c(=O)c(-c3nnn[n-]3)cnc12.[K+],0
612,CC(C)(C)NCC(O)COc1cccc2c1C[C@H](O)[C@H](O)C2,0
613,N[C@H](Cc1ccccc1)C(=O)O,0
614,CC(C)[N+](C)(CCOC(=O)C1c2ccccc2Oc2ccccc21)C(C)C.[Br-],0
615,CC(COc1ccccc1)NN.Cl.Cl,0
616,CC(C)[C@H](N)C(=O)OCC(CO)OCn1cnc2c(=O)[nH]c(N)nc21.Cl,0
617,CC(=O)N(CC(O)CO)c1c(I)c(C(=O)NCC(O)CO)c(I)c(C(=O)NCC(O)CO)c1I,0
618,C#CCN(C)[C@H](C)Cc1ccccc1.Cl,0
619,C[N+](C)(C)C[C@H](O)CC(=O)[O-],0
620,CCN1CCN(C(=O)N[C@@H](C(=O)N[C@@H]2C(=O)N3C(C(=O)O)=C(CSc4nnnn4C)CS[C@H]23)c2ccc(O)cc2)C(=O)C1=O.O.O,0
621,C[N+]1(C)CCOC(O)(c2ccc(-c3ccc(C4(O)C[N+](C)(C)CCO4)cc3)cc2)C1.[Br-].[Br-],0
622,Cc1cc(=O)oc2cc(O)ccc12,0
623,NNC(=O)c1ccncc1,0
624,CCC(=O)O[C@]1(C(=O)CCl)[C@@H](C)C[C@H]2[C@@H]3CCC4=CC(=O)C=C[C@]4(C)[C@@]3(F)[C@@H](O)C[C@@]21C,0
625,CC(C(=O)O)c1ccc(N2CC=CC2)c(Cl)c1,0
626,Cc1ccc(S(=O)(=O)[N-]Cl)cc1.[Na+],0
627,CCOc1ccccc1O[C@H](c1ccccc1)[C@H]1CNCCO1.CS(=O)(=O)O,0
628,COc1ccc(Cl)cc1C(=O)NCCc1ccc(S(=O)(=O)NC(=O)NC2CCCCC2)cc1,0
629,CC[N+](C)(CC)CCC[n+]1c(-c2ccccc2)c2cc(N)ccc2c2ccc(N)cc21.[I-].[I-],0
630,COc1ccc(C2C(=O)c3ccccc3C2=O)cc1,0
631,C[C@H]1O[C@@H](O[C@H]2[C@@H](O)C[C@H](O[C@H]3[C@@H](O)C[C@H](O[C@H]4CC[C@]5(C)[C@H]6C[C@@H](O)[C@]7(C)[C@@H](C8=CC(=O)OC8)CC[C@]7(O)[C@@H]6CC[C@@H]5C4)O[C@@H]3C)O[C@@H]2C)C[C@H](O)[C@@H]1O,0
632,CCOC(=O)N1CCC(=C2c3ccc(Cl)cc3CCc3cccnc32)CC1,0
633,Cl.O=S(=O)(c1cccc2cnccc12)N1CCCNCC1,0
634,O=C(O)Cc1ccc(-c2ccccc2)cc1,0
635,CC(C)OC(=O)C(C(=O)OC(C)C)=C1SC=CS1,0
636,CN1C(=O)OC(C)(C)C1=O,0
637,C[C@H]1CCC[C@@H](C)N1NC(=O)c1ccc(Cl)c(S(N)(=O)=O)c1,0
638,CNC(=O)Oc1ccc2c(c1)[C@]1(C)CCN(C)[C@@H]1N2C.CNC(=O)Oc1ccc2c(c1)[C@]1(C)CCN(C)[C@@H]1N2C.O=S(=O)(O)O,0
639,CCOc1nc2cccc(C(=O)OCc3oc(=O)oc3C)c2n1Cc1ccc(-c2ccccc2-c2noc(=O)[nH]2)cc1,0
640,Cc1cc(C2CCCCC2)n(O)c(=O)c1.NCCO,0
641,Cc1c(C)c2c(c(C)c1O)CCC(C)(COc1ccc(CC3SC(=O)NC3=O)cc1)O2,0
642,Nc1ccn([C@@H]2O[C@H](CO)[C@@H](O)C2(F)F)c(=O)n1,0
643,O=C(C1CCCCC1)N1CC(=O)N2CCc3ccccc3C2C1,0
644,CC(=O)Nc1cccc(O)c1,0
645,Cn1c(=O)c2c(ncn2CCO)n(C)c1=O,0
646,O=C(O)COC(=O)Cc1ccccc1Nc1c(Cl)cccc1Cl,0
647,CC(C)Cc1ccc(C(C)C(=O)OCc2ccccn2)cc1,0
648,CCN(CC)c1cc(C)nc2ncnn12,0
649,Cc1cc(-c2ccccc2)nnc1NCCN1CCOCC1.Cl.Cl,0
650,CN1c2cc(O)c(N=NC(N)=O)cc2CC1S(=O)(=O)[O-].[Na+],0
651,c1ccc2[nH]c(-c3cscn3)nc2c1,0
652,C[C@]12C[C@H](O)[C@H]3[C@@H](CCC4=CC(=O)CC[C@@]43C)[C@@H]1CC[C@@H]2C(=O)CO,0
653,O=c1[nH]cc(F)c(=O)[nH]1,0
654,CC(CNC1CCCCC1)OC(=O)c1ccccc1.Cl,0
655,CN1C(C(=O)Nc2ccccn2)=C(O)c2sccc2S1(=O)=O,0
656,Oc1c(Cl)cc(Cl)c2cccnc12,0
657,COc1cc(C(=O)OCCCN2CCCN(CCCOC(=O)c3cc(OC)c(OC)c(OC)c3)CC2)cc(OC)c1OC.Cl.Cl,0
658,C[C@H](CCC(=O)O)[C@H]1CC[C@H]2[C@@H]3C(=O)C[C@@H]4CC(=O)CC[C@]4(C)[C@H]3CC(=O)[C@@]21C,0
659,CCCN(CCC)S(=O)(=O)c1ccc(C(=O)O)cc1,0
660,Cl.Oc1ccc2c3c1O[C@H]1[C@@H](O)CC[C@@]4(O)[C@@H](C2)N(CC2CCC2)CC[C@]314,0
661,O=C1CCc2cc(OCCCCc3nnnn3C3CCCCC3)ccc2N1,0
662,CC1(C)O[C@@H]2CO[C@@]3(COS(N)(=O)=O)OC(C)(C)O[C@H]3[C@@H]2O1,0
663,COC(=O)C1=C(C)NC(C)=C(C(=O)OC)C1c1ccccc1[N+](=O)[O-],0
664,CCCSS/C(CCO)=C(/C)N(C=O)Cc1cnc(C)nc1N,0
665,NC[C@H]1O[C@H](O[C@@H]2[C@@H](N)C[C@@H](N)[C@H](O[C@H]3O[C@H](CO)[C@@H](O)[C@H](N)[C@H]3O)[C@H]2O)[C@H](O)[C@@H](O)[C@@H]1O.O=S(=O)(O)O,0
666,CN1[C@H]2CC[C@@H]1CC(OC(=O)c1c[nH]c3ccccc13)C2.Cl,0
667,C[C@]12CC[C@H]3[C@@H](C=CC4=CC(=O)CC[C@@]43C)[C@@H]1CC[C@@]2(O)CCC(=O)[O-].[K+],0
668,NS(=O)(=O)c1cc(C2(O)NC(=O)c3ccccc32)ccc1Cl,0
669,CC(=O)Oc1cc2c(s1)CCN(C(C(=O)C1CC1)c1ccccc1F)C2,0
670,CC/C(=C(/CC)c1ccc(O)cc1)c1ccc(O)cc1,0
671,N[C@@H](Cc1c[nH]c2ccccc12)C(=O)O,0
672,Cc1cccc(C)c1NC1=NCCCS1,0
673,CO[C@@]1(NC(=O)Cc2cccs2)C(=O)N2C(C(=O)[O-])=C(COC(N)=O)CS[C@@H]21.[Na+],0
674,Cn1c(=O)c2[nH]cnc2n(C)c1=O.Cn1c(=O)c2[nH]cnc2n(C)c1=O.NCCN,0
675,Cc1c(O)c(=O)ccn1C,0
676,CC1=C(C)C(=O)C(C(CCCCCC(=O)O)c2ccccc2)=C(C)C1=O,0
677,CCc1nn(CCCN2CCN(c3cccc(Cl)c3)CC2)c(=O)n1CCOc1ccccc1.Cl,0
678,CN1C(=O)COc2c(C(=O)NC3CN4CCC3CC4)cc(Cl)cc21.Cl,0
679,CCOC(=O)c1ccc(OC(=O)CCCCCN=C(N)N)cc1.CS(=O)(=O)O,0
680,CSc1nc2cc(Oc3cccc(Cl)c3Cl)c(Cl)cc2[nH]1,0
681,NS(=O)(=O)c1cc2c(cc1Cl)NC(C(Cl)Cl)NS2(=O)=O,0
682,CCn1cc(C(=O)O)c(=O)c2cnc(N3CCNCC3)nc21,0
683,CCC1(C)CC(=O)NC1=O,0
684,CC1(C)S[C@@H]2[C@H](NC(=O)C(C(=O)[O-])c3ccccc3)C(=O)N2[C@H]1C(=O)[O-].[Na+].[Na+],0
685,CC(C)OC(=O)C(C)(C)Oc1ccc(C(=O)c2ccc(Cl)cc2)cc1,0
686,CC(C)(C)C(O)/C=C/c1ccc2c(c1)OCO2,0
687,CCC(=O)[C@@]1(C)[C@H](C)C[C@H]2[C@@H]3CCC4=CC(=O)C=C[C@]4(C)[C@H]3[C@@H](O)C[C@@]21C,0
688,CCC1(c2ccccc2)NC(=O)N(C)C1=O,0
689,C[C@H](CCC(=O)O)[C@H]1CC[C@H]2[C@@H]3CC[C@@H]4C[C@H](O)CC[C@]4(C)[C@H]3CC[C@@]21C,0
690,NC(=O)OCCCc1ccccc1,0
691,C[C@]12CC[C@@H]3c4ccc(O)cc4C[C@@H](CCCCCCCCCS(=O)CCCC(F)(F)C(F)(F)F)[C@H]3[C@@H]1CC[C@@H]2O,0
692,CCOC(=O)[C@H](CCc1ccccc1)N[C@H]1CS[C@H](c2cccs2)CN(CC(=O)O)C1=O,0
693,O=c1cc(-c2ccc(O)c(O)c2)oc2cc(O)cc(O)c12,0
694,COS(=O)(=O)[O-].COc1cc(N)cn[n+]1-c1ccccc1,0
695,CN1CCN(C2=Nc3cc(Cl)ccc3Nc3ccccc32)CC1,0
696,NC(=O)OCC(COC(N)=O)c1ccccc1,0
697,CC(C)c1cc2c(cc1S(=O)(=O)[O-])[C@@]1(C)CCC[C@@](C)(C(=O)O)[C@@H]1CC2.[Na+],0
698,C[C@H]1c2cccc(O)c2C(O)=C2C(=O)[C@]3(O)C(O)=C(C(N)=O)C(=O)[C@@H](N(C)C)[C@@H]3[C@@H](O)[C@@H]21.Cl,0
699,C[C@@](Cc1ccc(O)c(O)c1)(NN)C(=O)O,0
700,COc1c(-c2ccc3cc(NS(C)(=O)=O)ccc3c2)cc(-n2ccc(=O)[nH]c2=O)cc1C(C)(C)C,0
701,CCc1oc2ccccc2c1C(=O)c1cc(Br)c(O)c(Br)c1,0
702,COC(=O)C1=C(C)NC(C)=C(C(=O)O[C@H]2CCN(Cc3ccccc3)C2)[C@H]1c1cccc([N+](=O)[O-])c1.Cl,0
703,Nc1nc2c(ncn2CCC(CO)CO)c(=O)[nH]1,0
704,C[C@]12CCC3=C4CCC(=O)C=C4CC[C@H]3[C@@H]1CC[C@@]2(O)CC#N,0
705,Cc1ccc(C(=O)c2ccc(CC(=O)O)n2C)cc1.O.O.[Na+],0
706,Cl.c1ccc(CN(CC2=NCCN2)c2ccccc2)cc1,0
707,CC#C[C@]1(O)CC[C@H]2[C@@H]3CCC4=CC(=O)CCC4=C3[C@@H](c3ccc(N(C)C)cc3)C[C@@]21C,0
708,CCO/C([O-])=N/c1c[n+](N2CCOCC2)no1,0
709,O=C(O[C@H]1C[N+]2(CCCOc3ccccc3)CCC1CC2)C(O)(c1cccs1)c1cccs1.[Br-],0
710,C[C@@H](O)[C@H]1C(=O)N2C(C(=O)O)=C(S[C@@H]3CN[C@H](CNS(N)(=O)=O)C3)[C@H](C)[C@H]12.O,0
711,CC(C)C(=O)Nc1ccc([N+](=O)[O-])c(C(F)(F)F)c1,0
712,CN1CCCN=C1/C=C/c1cccs1.O=C(O)[C@H](O)[C@@H](O)C(=O)O,0
713,NC1CCN(c2c(F)cc3c(=O)c(C(=O)O)cn(C4CC4)c3c2Cl)C1,0
714,NCC[C@H](O)C(=O)N[C@@H]1C[C@H](N)[C@@H](O[C@H]2O[C@H](CN)[C@@H](O)[C@H](O)[C@H]2O)[C@H](O)[C@H]1O[C@H]1O[C@H](CO)[C@@H](O)[C@H](N)[C@H]1O.O,0
715,CO/N=C(\C(=O)N[C@@H]1C(=O)N2C(C(=O)[O-])=C(C[n+]3cccc4c3CCC4)CS[C@H]12)c1csc(N)n1,0
716,CCC1NC(=O)c2cc(S(N)(=O)=O)c(Cl)cc2N1,0
717,CCN(CC)C(C)C(=O)c1ccccc1.Cl,0
718,CC[C@H](NC(C)C)[C@H](O)c1ccc(O)c2[nH]c(=O)ccc12.Cl,0
719,Cc1c(N(C)C)c(=O)n(-c2ccccc2)n1C,0
720,CN1CCN2c3ccccc3Cc3ccccc3C2C1.Cl,0
721,O=C(O)COc1nn(Cc2ccccc2)c2ccccc12,0
722,Cc1ncc(CO)c(CO)c1O.Cl,0
723,CN1CC(O)c2cc(N=NC(N)=O)c(O)cc21,0
724,Cl.Clc1ccc(C(OCCN2CCCCC2)c2ccccc2)cc1,0
725,Br.CC(Cc1ccc(O)cc1)NCC(O)c1cc(O)cc(O)c1,0
726,CN(C)CCC(c1ccc(Cl)cc1)c1ccccn1.O=C(O)/C=C\C(=O)O,0
727,COc1c(N2CCNC(C)C2)c(F)cc2c(=O)c(C(=O)O)cn(C3CC3)c12,0
728,C=C(NC(=O)C(=C)NC(=O)c1csc(C2=NC3c4csc(n4)C4NC(=O)c5csc(n5)C(C(C)(O)C(C)O)NC(=O)C5CSC(=N5)/C(=C\C)NC(=O)C(C(C)O)NC(=O)c5csc(n5)C3(CC2)NC(=O)C(C)NC(=O)C(=C)NC(=O)C(C)NC(=O)C(C(C)CC)NC2C=Cc3c(C(C)O)cc(nc3C2O)C(=O)OC4C)n1)C(N)=O,0
729,COC(=O)[C@H]1[C@@H](O)CC[C@H]2CN3CCc4c([nH]c5ccccc45)[C@@H]3C[C@@H]21.Cl,0
730,CS(=O)(=O)OCCCCOS(C)(=O)=O,0
731,N[C@@H](CCC(=O)N[C@@H](CS)C(=O)NCC(=O)O)C(=O)O,0
732,Nc1ccn([C@H]2CC[C@@H](CO)O2)c(=O)n1,0
733,CC(C(=O)O)c1ccc2c(c1)CC(=O)c1ccccc1S2,0
734,Cc1cc2nc3c(=O)[nH]c(=O)nc-3n(C[C@H](O)[C@H](O)[C@H](O)CO)c2cc1C,0
735,Cl.N=C(N=C(N)N)N1CCOCC1,0
736,NC(=O)c1cc[n+](CC2=C(C(=O)[O-])N3C(=O)[C@@H](NC(=O)[C@@H](c4ccccc4)S(=O)(=O)[O-])[C@H]3SC2)cc1.[Na+],0
737,COC1=CC(=O)C[C@@H](C)[C@]12Oc1c(Cl)c(OC)cc(OC)c1C2=O,0
738,Nc1ccc(S(N)(=O)=O)cc1,0
739,C[C@]12CC(=O)[C@H]3[C@@H](CCC4=CC(=O)CC[C@@]43C)[C@@H]1CC[C@]2(O)C(=O)CO,0
740,CC(C)NCC(O)COc1ccc(COCCOC(C)C)cc1.CC(C)NCC(O)COc1ccc(COCCOC(C)C)cc1.O=C(O)/C=C/C(=O)O,0
741,CCOCCn1c(N2CCCN(C)CC2)nc2ccccc21.O=C(O)/C=C/C(=O)O.O=C(O)/C=C/C(=O)O,0
742,CC(C(=O)O)c1ccc(-c2ccccc2)c(F)c1,0
743,CCC[C@@H]1C[C@@H](C(=O)N[C@H]([C@H](C)Cl)[C@H]2O[C@H](SC)[C@H](O)[C@@H](O)[C@H]2O)N(C)C1.Cl,0
744,CNCCC(Oc1ccccc1OC)c1ccccc1.Cl,0
745,O.O.OC[C@H]1O[C@H](O[C@H]2O[C@H](CO)[C@@H](O)[C@H](O)[C@H]2O)[C@H](O)[C@@H](O)[C@@H]1O,0
746,Cl.Nc1ccc(N=Nc2ccccc2)c(N)n1,0
747,C#CCN(C)Cc1ccccc1.Cl,0
748,C=CCOc1ccc(CC(=O)O)cc1Cl,0
749,COc1ccc(CN(CCN(C)C)c2ccccn2)cc1.O=C(O)/C=C\C(=O)O,0
750,Cc1cc(C(C)(C)C)cc(C)c1CC1=NCCN1.Cl,0
751,CC1COc2c(N3CCN(C)CC3)c(F)cc3c(=O)c(C(=O)O)cn1c23,0
752,CC(C)(Oc1ccc(Cl)cc1)C(=O)O,0
753,CC(C)(C)NCC(O)c1cc(Cl)c(N)c(Cl)c1.Cl,0
754,CC(=O)Nc1ccc(O)cc1,0
755,CO[C@@H]1[C@@H](O[C@@H]2O[C@H](C)[C@@H](O[C@H]3C[C@@](C)(O)[C@@H](OC(=O)CC(C)C)[C@H](C)O3)[C@H](N(C)C)[C@H]2O)[C@@H](CC=O)C[C@@H](C)[C@@H](O)/C=C/C=C/C[C@@H](C)OC(=O)C[C@H]1OC(C)=O,0
756,Cc1ccc(-c2ncc(Cl)cc2-c2ccc(S(C)(=O)=O)cc2)cn1,0
757,CN(C)CCOC(=O)COc1ccc(Cl)cc1.Cl,0
758,Cc1c(-c2ccccc2)oc2c(C(=O)OCCN3CCCCC3)cccc2c1=O.Cl,0
759,COc1ccc2[nH]cc(CCNC(C)=O)c2c1,0
760,COc1cc(NS(=O)(=O)c2ccc(N)cc2)nc(OC)n1,0
761,CCCOC(=O)Cc1ccc(OCC(=O)N(CC)CC)c(OC)c1,0
762,Nc1nc(=S)c2ncn([C@@H]3O[C@H](CO)[C@@H](O)[C@H]3O)c2[nH]1,0
763,CC(C)OC(=O)CCC/C=C\C[C@H]1[C@@H](O)C[C@@H](O)[C@@H]1CC[C@@H](O)CCc1ccccc1,0
764,Cl.NC(N)=NC(=O)Cc1c(Cl)cccc1Cl,0
765,O=C(O)CNC(=O)C(CS)Cc1ccccc1,0
766,CC[N+](CC)(CC)CCOc1cccc(OCC[N+](CC)(CC)CC)c1OCC[N+](CC)(CC)CC.[I-].[I-].[I-],0
767,N=C(N)N1CCc2ccccc2C1.N=C(N)N1CCc2ccccc2C1.O=S(=O)(O)O,0
768,Nc1cc(C(Cl)=C(Cl)Cl)c(S(N)(=O)=O)cc1S(N)(=O)=O,0
769,Cc1[nH]cnc1CN1CCc2c(c3ccccc3n2C)C1=O.Cl,0
770,OC[C@H]1O[C@@H](c2ccc(Cl)c(Cc3ccc(O[C@H]4CCOC4)cc3)c2)[C@H](O)[C@@H](O)[C@@H]1O,0
771,Cl.O.O.O=C1CC[C@@]2(O)[C@H]3Cc4ccc(O)c5c4[C@@]2(CCN3CC2CC2)[C@H]1O5,0
772,CN[C@H]1[C@@H](O)[C@@H](NC)[C@H](O)[C@H]2O[C@@H]3O[C@H](C)CC(=O)[C@]3(O)O[C@H]12.Cl.Cl,0
773,Cc1noc(NS(=O)(=O)c2ccc(N)cc2)c1C,0
774,CO/N=C(\C(=O)N[C@@H]1C(=O)N2C(C(=O)OC(C)OC(C)=O)=C(COC(N)=O)CS[C@H]12)c1ccco1,0
775,CC(=O)OCC(=O)[C@@]1(O)CC[C@H]2[C@@H]3CCC4=CC(=O)CC[C@]4(C)[C@H]3[C@@H](O)C[C@@]21C,0
776,CCCOc1ccc(C(=O)OCCN(CC)CC)cc1N.Cl,0
777,Nc1nc2c(ncn2COCCO)c(=O)[nH]1,0
778,COc1ccc(-c2noc(CC(=O)O)c2-c2ccc(OC)cc2)cc1,0
779,COc1ccccc1N1CCN(CC(O)COc2cccc3ccccc23)CC1.Cl.Cl,0
780,O=C(Nc1cccc2c(=O)cc(-c3nn[nH]n3)oc12)c1ccc(OCCCCc2ccccc2)cc1,0
781,CC[N+](C)(C)c1cccc(O)c1.[Cl-],0
782,N#Cc1ccc(Oc2ccc3c(c2)COB3O)cc1,0
783,CCOC(=O)Nc1ccc(NCc2ccc(F)cc2)nc1N,0
784,CC(=O)N(CC(C)C(=O)O)c1c(I)cc(I)c(N)c1I,0
785,CCC1(C2=NCCN2)Cc2ccccc2O1.Cl,0
786,CC(C(=O)O)c1ccc2c(c1)[nH]c1ccc(Cl)cc12,0
787,Oc1ccc(OCc2ccccc2)cc1,0
788,COc1cc2c(Nc3ccc(Br)cc3F)ncnc2cc1OCC1CCN(C)CC1,0
789,CO[C@H]1/C=C/O[C@@]2(C)Oc3c(C)c(O)c4c(O)c(c5c(nc6cc(C)ccn65)c4c3C2=O)NC(=O)/C(C)=C\C=C\[C@H](C)[C@H](O)[C@@H](C)[C@@H](O)[C@@H](C)[C@H](OC(C)=O)[C@@H]1C,0
790,CCOC(=O)[C@H](CCc1ccccc1)N[C@@H](C)C(=O)N1[C@H](C(=O)O)C[C@H]2CCCC[C@@H]21,0
791,NS(=O)(=O)c1cc(C(=O)O)c(NCc2ccco2)cc1Cl,0
792,CCCCOc1ccc(OCCCN2CCOCC2)cc1.Cl,0
793,CC1(C)S[C@@H]2[C@H](NC(=O)[C@H](N)c3ccc(O)cc3)C(=O)N2[C@H]1C(=O)O,0
794,Cc1nnc(SCC2=C(C(=O)[O-])N3C(=O)[C@@H](NC(=O)Cn4cnnn4)[C@H]3SC2)s1.[Na+],0
795,O=C(O)Cc1sc(-c2ccccc2)nc1-c1ccc(Cl)cc1,0
796,CCN(CC)CCOC(=O)C(c1ccccc1)c1ccccc1.Cl,0
797,CC1CCc2cc(F)cc3c(=O)c(C(=O)O)cn1c23,0
798,C#C[C@]1(O)CC[C@H]2[C@@H]3CCC4=CC(=O)CC[C@]4(C)[C@H]3CC[C@@]21C,0
799,COc1cc(C(=O)NCc2ccc(OCCN(C)C)cc2)cc(OC)c1OC.Cl,0
800,Nc1nc2c(ncn2COC(CO)CO)c(=O)[nH]1,0
801,Nc1nc2c(c(=O)[nH]1)N(C=O)C(CNc1ccc(C(=O)N[C@@H](CCC(=O)[O-])C(=O)[O-])cc1)CN2.[Ca+2],0
802,Cc1cccc(C)c1OCC(C)N.Cl,0
803,CNC(C)(C)Cc1ccccc1.CNC(C)(C)Cc1ccccc1.O=S(=O)(O)O,0
804,CC#CCn1c(N2CCC[C@@H](N)C2)nc2c1c(=O)n(Cc1nc(C)c3ccccc3n1)c(=O)n2C,0
805,CC(C)NCC(O)COc1cccc2[nH]ccc12,0
806,O=c1[nH]cnc2c1ncn2[C@H]1CC[C@@H](CO)O1,0
807,O=C(Nc1ccc([N+](=O)[O-])cc1Cl)c1cc(Cl)ccc1O,0
808,CC(C(=O)O)c1ccc(C(=O)c2cccs2)cc1,0
809,NC(N)=NCC1COC2(CCCCC2)O1.NC(N)=NCC1COC2(CCCCC2)O1.O=S(=O)(O)O,0
810,OCC(O)CN1CCN(c2ccccc2)CC1,0
811,CCC(=O)c1c(O)cc(O)cc1O,0
812,CCCc1c2oc(C(=O)[O-])cc(=O)c2cc2c(=O)cc(C(=O)[O-])n(CC)c12.[Na+].[Na+],0
813,Nc1cc(-c2ccncc2)c[nH]c1=O,0
814,CN[C@@H]1[C@H](O[C@H]2[C@H](O[C@@H]3[C@@H](N=C(N)N)[C@H](O)[C@@H](N=C(N)N)[C@H](O)[C@H]3O)O[C@@H](C)[C@]2(O)C=O)O[C@@H](CO)[C@H](O)[C@H]1O.CN[C@@H]1[C@H](O[C@H]2[C@H](O[C@@H]3[C@@H](N=C(N)N)[C@H](O)[C@@H](N=C(N)N)[C@H](O)[C@H]3O)O[C@@H](C)[C@]2(O)C=O)O[C@@H](CO)[C@H](O)[C@H]1O.O=S(=O)(O)O.O=S(=O)(O)O.O=S(=O)(O)O,0
815,CC(=O)Nc1ccc(OC(=O)c2ccccc2O)cc1,0
816,CCN(CC)Cc1cc(Nc2ccnc3cc(Cl)ccc23)ccc1O.Cl.Cl.O.O,0
817,C[C@H]1[C@H](NC(=O)/C(=N\OC(C)(C)C(=O)O)c2csc(N)n2)C(=O)N1S(=O)(=O)O,0
818,CN1[C@H]2CC(OC(=O)[C@H](CO)c3ccccc3)C[C@@H]1[C@H]1O[C@@H]21.Cl,0
819,COc1c(O[C@@H]2O[C@H](CO)[C@@H](O)[C@H](O)[C@H]2O)cc2c(c1OC)-c1ccc(SC)c(=O)cc1[C@@H](NC(C)=O)CC2,0
820,NCC1(CC(=O)O)CCCCC1,0
821,CCOCC(O)COc1ccc(NC(=O)CC[S+](C)C)cc1.Cc1ccc(S(=O)(=O)[O-])cc1,0
822,CC(=O)O[C@@]12CO[C@@H]1C[C@H](O)[C@@]1(C)C(=O)[C@H](O)C3=C(C)[C@@H](OC(=O)[C@H](O)[C@@H](NC(=O)OC(C)(C)C)c4ccccc4)C[C@@](O)([C@@H](OC(=O)c4ccccc4)[C@@H]12)C3(C)C,0
823,CN(N=O)C(=O)N[C@H]1[C@@H](O)O[C@H](CO)[C@@H](O)[C@@H]1O,0
824,C[C@@H]1C[C@H]2[C@@H]3C[C@H](F)C4=CC(=O)C=C[C@]4(C)[C@@]3(F)[C@@H](O)C[C@]2(C)[C@@]1(O)C(=O)CO,0
825,COCC(=O)Nc1c(I)c(C(=O)NCC(O)CO)c(I)c(C(=O)N(C)CC(O)CO)c1I,0
826,Cc1onc(-c2c(F)cccc2Cl)c1C(=O)N[C@@H]1C(=O)N2[C@@H](C(=O)[O-])C(C)(C)S[C@H]12.[Na+],0
827,CCN(CC)C(=O)[C@]1(c2ccccc2)C[C@@H]1CN.Cl,0
828,CC(=O)c1cc2cccc(OCC(O)CNC(C)C)c2o1,0
829,CCc1cc(C(N)=S)ccn1,0
830,CCCCC1C(=O)N(c2ccccc2)N(c2ccc(O)cc2)C1=O,0
831,CN(C)C(=O)COC(=O)Cc1ccc(OC(=O)c2ccc(N=C(N)N)cc2)cc1.CS(=O)(=O)O,0
832,COC(=O)C1=C(C)NC(C)=C(C(=O)OCC(C)C)C1c1ccccc1[N+](=O)[O-],0
833,C[C@]12C[C@H](O)[C@H]3[C@@H](CCC4=CC(=O)CC[C@@]43C)[C@@H]1CC[C@]2(O)C(=O)CO,0
834,CCC(NC(C)C)C(O)c1ccc(O)c(O)c1.CS(=O)(=O)O,0
835,CC(C[N+](C)(C)C)OC(N)=O.[Cl-],0
836,C[C@]12C[C@H](O)[C@@]3(F)[C@@H](CCC4=CC(=O)C=C[C@@]43C)[C@@H]1C[C@@H](O)[C@]2(O)C(=O)CO,0
837,CC(=O)OCC(=O)[C@@]1(O)[C@H](C)C[C@H]2[C@@H]3CCC4=CC(=O)C=C[C@]4(C)[C@@]3(F)[C@@H](O)C[C@@]21C,0
838,COc1ccc(OC)c(C(O)CNC(=O)CN)c1.Cl,0
839,Nc1ccncc1,0
840,O=c1[nH]cnc2[nH]ncc12,0
841,CN1CCN(CC(=O)N2c3ccccc3C(=O)Nc3cccnc32)CC1.Cl.Cl,0
842,Nc1ncnc2c1ncn2[C@@H]1O[C@H](COP(=O)(O)O)[C@@H](O)[C@H]1O.O,0
843,CCN(CC)C(=O)c1cccnc1,0
844,CCCCCCCCCCCCCCCCCCCCCC(=O)Nc1ccn([C@@H]2O[C@H](CO)[C@@H](O)[C@@H]2O)c(=O)n1,0
845,Nc1ccn([C@@H]2CS[C@H](CO)O2)c(=O)n1,0
846,Cc1cccc(C)c1NC(=O)CN1CCCC1=O,0
847,CC(=O)OCC1=C(C(=O)[O-])N2C(=O)[C@@H](NC(=O)Cc3cccs3)[C@H]2SC1.[Na+],0
848,CNCCc1ccccn1,0
849,Br.C[N+]1([O-])[C@H]2CC(OC(=O)[C@H](CO)c3ccccc3)C[C@@H]1[C@H]1O[C@@H]21,0
850,CCN(Cc1ccncc1)C(=O)C(CO)c1ccccc1,0
851,CC[N+]1(C)CCCC(OC(=O)C(O)(c2ccccc2)c2ccccc2)C1.[Br-],0
852,O=C(NCC(O)CO)c1c(I)c(C(=O)NCC(O)CO)c(I)c(N(CCO)C(=O)CO)c1I,0
853,O=C([O-])CCNC(=O)c1ccc(N=Nc2ccc([O-])c(C(=O)O)c2)cc1.[Na+].[Na+],0
854,CC(=O)c1ccc(S(=O)(=O)NC(=O)NC2CCCCC2)cc1,0
855,C[C@@H]1C[C@H]2[C@@H]3C[C@H](F)C4=CC(=O)C=C[C@]4(C)[C@@]3(Cl)[C@@H](O)C[C@]2(C)[C@H]1C(=O)COC(=O)C(C)(C)C,0
856,CCOC(=O)[C@H](CCc1ccccc1)N[C@@H](C)C(=O)N(CC(=O)O)C1Cc2ccccc2C1.Cl,0
857,C[C@]12COC(=O)C[C@@H]1CC[C@@H]1[C@@H]2CC[C@@]2(C)[C@H]1CC[C@]2(C)O,0
858,CO/N=C(\C(=O)N[C@@H]1C(=O)N2C(C(=O)[O-])=C(COC(C)=O)CS[C@H]12)c1csc(N)n1.[Na+],0
859,C[C@H](N)[C@H](O)c1ccc(O)c(O)c1,0
860,NCC1CCC(C(=O)O)CC1,0
861,Cl.NC1CCN(c2nc3c(cc2F)c(=O)c(C(=O)O)cn3-c2ccc(F)cc2F)C1,0
862,CC(=O)OCC(=O)NCCCOc1cccc(CN2CCCCC2)c1.Cl,0
863,CN(C)CCn1nnnc1SCC1=C(C(=O)O)N2C(=O)[C@@H](NC(=O)Cc3csc(N)n3)[C@H]2SC1.Cl.Cl,0
864,CCCCC1C(=O)N(c2ccccc2)N(c2ccccc2)C1=O,0
865,CCC1(C)CC(=O)NC(=O)C1,0
866,CNc1ncnc2c1ncn2[C@@H]1O[C@H](CO)[C@@H](O)[C@H]1O,0
867,CN[C@@H]1[C@H](O[C@H]2[C@H](O[C@@H]3[C@@H](N=C(N)N)[C@H](O)[C@@H](N=C(N)N)[C@H](O)[C@H]3O)O[C@@H](C)[C@]2(O)CO)O[C@@H](CO)[C@H](O)[C@H]1O.CN[C@@H]1[C@H](O[C@H]2[C@H](O[C@@H]3[C@@H](N=C(N)N)[C@H](O)[C@@H](N=C(N)N)[C@H](O)[C@H]3O)O[C@@H](C)[C@]2(O)CO)O[C@@H](CO)[C@H](O)[C@H]1O.O=S(=O)(O)O.O=S(=O)(O)O.O=S(=O)(O)O,0
868,Cc1cc(CC(=O)[O-])n(C)c1C(=O)c1ccc(Cl)cc1.[Na+],0
869,CC(C)(C)NCC(O)c1cc(O)cc(O)c1.CC(C)(C)NCC(O)c1cc(O)cc(O)c1.O=S(=O)(O)O,0
870,CC1CNc2c(cccc2S(=O)(=O)N[C@@H](CCCN=C(N)N)C(=O)N2CC[C@@H](C)C[C@@H]2C(=O)O)C1,0
871,CC[C@H]1OC(=O)[C@H](C)[C@@H](O[C@H]2C[C@@](C)(OC)[C@@H](O)[C@H](C)O2)[C@H](C)[C@@H](O[C@@H]2O[C@H](C)C[C@H](N(C)C)[C@H]2O)[C@](C)(O)C[C@@H](C)[C@@H]2N[C@@H](COCCOC)O[C@H]([C@H]2C)[C@]1(C)O,0
872,NCCCCCC(=O)O,0
873,CC[C@]12CCCN3CCc4c(n(c5ccccc45)[C@@](O)(C(=O)OC)C1)[C@@H]32,0
874,COC(=O)Nc1nc2ccc(C(=O)c3ccc(F)cc3)cc2[nH]1,0
875,CCC(=O)c1ccc(O)cc1,0
876,C=C1/C(=C\C=C2/CCC[C@@]3(C)[C@H]2CC[C@@H]3[C@H](C)/C=C/[C@@H](O)C2CC2)C[C@@H](O)C[C@@H]1O,0
877,COC(=O)Nc1nc2ccc(C(=O)c3ccccc3)cc2[nH]1,0
878,C1CO1.C=O.CC(C)(C)CC(C)(C)c1ccc(O)cc1,0
879,C=C1[C@@H](n2cnc3c(=O)[nH]c(N)nc32)C[C@H](O)[C@H]1CO,0
880,NC(=O)[C@@H]1CCCN1C(=O)[C@H](Cc1cnc[nH]1)NC(=O)[C@@H]1CCC(=O)N1,0
881,CCOc1ccccc1C(N)=O,0
882,CC(C)Cc1ccc(CC(=O)O)cc1,0
883,CC(=O)O[C@H]1C[C@@]2(C)[C@@H](C[C@@H](O)[C@H]3[C@@]4(C)CC[C@@H](O)[C@@H](C)[C@@H]4CC[C@@]32C)/C1=C(\CCC=C(C)C)C(=O)[O-].[Na+],0
884,Cc1c(N(C)CS(=O)(=O)[O-])c(=O)n(-c2ccccc2)n1C.[Na+],0
885,CC(C)(C)NCC(O)c1ccc(O)c(CO)c1,0
886,Cn1c(=O)c2c(ncn2CC2OCCO2)n(C)c1=O,0
887,CCCN(CCC)C(=O)C(CCC(=O)O)NC(=O)c1ccccc1,0
888,CN1CCN(C(=O)OC2c3nccnc3C(=O)N2c2ccc(Cl)cn2)CC1,0
889,CCCNC(C)(C)C(=O)Nc1ccccc1C,0
890,COc1ccccc1OCC(O)COC(N)=O,0
891,CCNC(=O)CCC/C=C\C[C@H]1[C@@H](O)C[C@@H](O)[C@@H]1/C=C/[C@@H](O)CCc1ccccc1,0
892,C[C@@H]1CC[C@H]2[C@@H](C)C(=O)O[C@@H]3O[C@@]4(C)CC[C@@H]1[C@]32OO4,0
893,CC(=O)NCCCS(=O)(=O)[O-].CC(=O)NCCCS(=O)(=O)[O-].[Ca+2],0
894,CCC(=O)O[C@H]1[C@H](C)O[C@@H](O[C@@H]2[C@@H](C)O[C@@H](O[C@@H]3[C@@H](OC)[C@H](OC(=O)CC)CC(=O)O[C@H](C)C/C=C/C=C/[C@H](O)[C@H](C)C[C@@H]3CC=O)[C@H](O)[C@H]2N(C)C)C[C@@]1(C)O,0
895,CN(C)CCC[C@@]1(c2ccc(F)cc2)OCc2cc(C#N)ccc21.O=C(O)C(=O)O,0
896,NC[C@@H]1O[C@H](O[C@@H]2[C@@H](CO)O[C@@H](O[C@@H]3[C@@H](O)[C@H](N)C[C@H](N)[C@H]3O[C@H]3O[C@H](CN)[C@@H](O)[C@H](O)[C@H]3N)[C@@H]2O)[C@H](N)[C@@H](O)[C@@H]1O.O=S(=O)(O)O,0
897,COC(=O)C1=C(C)NC(C)=C(C(=O)OCCN2CCN(C(c3ccccc3)c3ccccc3)CC2)C1c1cccc([N+](=O)[O-])c1.Cl.Cl,0
898,CCN1CCCC1CNC(=O)c1cc(S(=O)(=O)CC)c(N)cc1OC,0
899,Cc1cccc(Nc2ccccc2C(=O)O)c1C,0
900,CC(=O)NS(=O)(=O)c1ccc(NC(=O)c2ccccc2C(=O)O)cc1,0
901,CC1(C)S[C@@H]2[C@H](NC(=O)[C@H](C(=O)[O-])c3ccsc3)C(=O)N2[C@H]1C(=O)[O-].[Na+].[Na+],0
902,Cc1ccc(S(=O)(=O)NC(=O)NN2CC3CCCC3C2)cc1,0
903,Nc1ccc(S(=O)(=O)Nc2ccccn2)cc1,0
904,CN/C(=C\[N+](=O)[O-])NCCSCc1ccc(CN(C)C)o1.Cl,0
905,O=C1CCC(N2C(=O)c3ccccc3C2=O)C(=O)N1,0
906,CCN(CC)CCNC(=O)c1cc(S(C)(=O)=O)ccc1OC.Cl,0
907,Cc1onc(-c2ccccc2)c1C(=O)N[C@@H]1C(=O)N2[C@@H](C(=O)[O-])C(C)(C)S[C@H]12.[Na+],0
908,CCCNC(=O)NS(=O)(=O)c1ccc(Cl)cc1,0
909,COc1ccc(CN2CCNCC2)c(OC)c1OC.Cl.Cl,0
910,Cl.Cl.O=C(O)COCCN1CCN(C(c2ccccc2)c2ccc(Cl)cc2)CC1,0
911,O=C(O)c1cc(N=Nc2ccc(S(=O)(=O)Nc3ccccn3)cc2)ccc1O,0
912,CCOc1ccc(NC(C)=O)cc1,0
913,O=C(NCCCN1CCOCC1)c1ccc(Cl)cc1,0
914,O=C(O)CCNC(=O)c1ccccc1,0
915,CC[N+]1(CC)CCC(=C(c2ccccc2)c2ccccc2)C1C.[Br-],0
916,O=C1OC(c2ccc(O)cc2)(c2ccc(O)cc2)c2ccccc21,0
917,Cc1[nH]c(C)c(Cl)c(=O)c1Cl,0
918,CC(=O)[C@@]1(O)CC[C@H]2[C@@H]3C[C@H](C)C4=CC(=O)C=C[C@]4(C)[C@@]3(F)[C@@H](O)C[C@@]21C,0
919,Cl.NNc1nncc2ccccc12,0
920,CCN(CC)CCOC(=O)C(O)(c1ccccc1)c1ccccc1.Cl,0
921,CC(=O)Oc1cccc2c1C(=O)c1c(OC(C)=O)cc(C(=O)O)cc1C2=O,0
922,Nc1nc2cc(Cl)ccc2o1,0
923,CNC[C@H](O)[C@@H](O)[C@H](O)[C@H](O)CO,0
924,CCN(CC)CCNC(=O)COc1ccc(OC)cc1.Cl,0
925,CC(=O)Oc1ccccc1C(=O)Oc1ccccc1C(=O)O,0
926,Cc1cccc(C)c1NC(=O)CC12CCCN1CCC2.Cl,0
927,CCOC(=O)[C@H](CCc1ccccc1)N[C@@H](C)C(=O)N1C(=O)N(C)C[C@H]1C(=O)O.Cl,0
928,OCCN(CCO)c1nc(N2CCCCC2)c2nc(N(CCO)CCO)nc(N3CCCCC3)c2n1,0
929,NC(=O)c1ncn([C@@H]2O[C@H](CO)[C@@H](O)[C@H]2O)c1O,0
930,C[N+]1(CCCCC[N+]2(C)CCCC2)CCCC1.O=C([O-])[C@H](O)[C@@H](O)C(=O)O.O=C([O-])[C@H](O)[C@@H](O)C(=O)O,0
931,CN(C)c1cc(NC(=O)CNC(C)(C)C)c(O)c2c1C[C@H]1C[C@H]3[C@H](N(C)C)C(=O)C(C(N)=O)=C(O)[C@@]3(O)C(=O)C1=C2O,0
932,CCOC(=O)C(C)(C)Oc1ccc(Cl)cc1,0
933,Cc1cc(C(C)(C)C)c(O)c(C)c1CC1=NCCN1.Cl,0
934,CC1(C)O[C@@H]2C[C@H]3[C@@H]4C[C@H](F)C5=CC(=O)C=C[C@]5(C)[C@H]4[C@@H](O)C[C@]3(C)[C@]2(C(=O)CO)O1,0
935,Cl.N[C@@H]1CCCCN(c2c(F)cc3c(=O)c(C(=O)O)cn(C4CC4)c3c2Cl)C1,0
936,COc1cc(C)nc(-n2nc(C)cc2OC)n1,0
937,CCN(CC)C(=O)c1ccc(O)c(OC)c1,0
938,CCCN1CCCC[C@H]1C(=O)Nc1c(C)cccc1C.Cl,0
939,CC(=O)CCCCn1c(=O)c2c(ncn2C)n(C)c1=O,0
940,CC1(C(=O)[O-])CC[C@]2(C)CC[C@]3(C)C(=CC(=O)[C@@H]4[C@@]5(C)CC[C@H](OC(=O)CCC(=O)[O-])C(C)(C)C5CC[C@]43C)[C@@H]2C1.[Na+].[Na+],0
941,CC(C(=O)O)c1cccc(C(=O)c2ccccc2)c1,0
942,CC(=O)OCC(=O)[C@@]1(O)CC[C@H]2[C@@H]3CCC4=CC(=O)C=C[C@]4(C)[C@@]3(F)[C@@H](O)C[C@@]21C,0
943,O=C(O)CCC(=O)Nc1ccc(S(=O)(=O)Nc2nccs2)cc1,0
944,CC[C@H]1OC(=O)[C@H](C)[C@@H](O[C@H]2C[C@@](C)(OC)[C@@H](O)[C@H](C)O2)[C@H](C)[C@@H](O[C@@H]2O[C@H](C)C[C@H](N(C)C)[C@H]2O)[C@](C)(O)C[C@@H](C)/C(=N\OCOCCOC)[C@H](C)[C@@H](O)[C@]1(C)O,0
945,CC(=O)N[C@@H](CS)C(=O)O,0
946,CN1CCOC(c2ccccc2)c2ccccc2C1.Cl,0
947,CC(C)(CO)[C@@H](O)C(=O)NCCCC(=O)[O-].CC(C)(CO)[C@@H](O)C(=O)NCCCC(=O)[O-].[Ca+2],0
948,NC(=O)OCC(O)COc1ccc(Cl)cc1,0
949,NS(=O)(=O)c1cc2c(cc1C(F)(F)F)NC(Cc1ccccc1)NS2(=O)=O,0
950,O=C1NCCN1c1ncc([N+](=O)[O-])s1,0
951,O=C([O-])Cc1ccccc1Nc1c(Cl)cccc1Cl.[Na+],0
952,CN1CC(=O)N2[C@H](Cc3c([nH]c4ccccc34)[C@H]2c2ccc3c(c2)OCO3)C1=O,0
953,Cc1c(F)c(N2CCNC(C)C2)cc2c1c(=O)c(C(=O)O)cn2C1CC1,0
954,CO[C@@]1(NC(=O)C2SC(=C(C(N)=O)C(=O)O)S2)C(=O)N2C(C(=O)O)=C(CSc3nnnn3C)CS[C@@H]21,0
955,O=[N+]([O-])O[C@H]1CO[C@H]2[C@@H]1OC[C@H]2O[N+](=O)[O-],0
956,Cc1cc(C)nc([N-]S(=O)(=O)c2ccc(N)cc2)n1.[Na+],0
957,CCC[C@@H]1C[C@@H](C(=O)N[C@H]([C@@H](C)O)[C@H]2O[C@H](SC)[C@H](O)[C@@H](O)[C@H]2O)N(C)C1.Cl,0
958,Cn1cc[nH]c1=S,0
959,Cl.O=C(OCC(O)CO)c1ccccc1Nc1ccnc2cc(Cl)ccc12,0
960,O=C(O)CCC(=O)c1ccc(-c2ccccc2)cc1,0
961,N#Cc1cc(NC(=O)C(=O)O)c(Cl)c(NC(=O)C(=O)O)c1,0
962,O=C(O)c1cccnc1Nc1cccc(C(F)(F)F)c1,0
963,CCOC(=O)n1ccn(C)c1=S,0
964,CCn1cc(C(=O)O)c(=O)c2cc(F)c(N3CCNCC3)cc21,0
965,CC(C(=O)O)c1ccc(C(=O)c2ccccc2)s1,0
966,COc1ccccc1OCC(O)CO,0
967,O=C(NCCO[N+](=O)[O-])c1cccnc1,0
968,Nc1nc(/C(=C/CC(=O)O)C(=O)N[C@@H]2C(=O)N3C(C(=O)O)=CCS[C@H]23)cs1,0
969,C[C@H](O)C(=O)Nc1c(I)c(C(=O)NC(CO)CO)c(I)c(C(=O)NC(CO)CO)c1I,0
970,NC(N)=Nc1nc(CSCC/C(N)=N/S(N)(=O)=O)cs1,0
971,CCCC(C)(COC(N)=O)COC(=O)NC(C)C,0
972,CNS(=O)(=O)Cc1ccc2[nH]cc(CCN(C)C)c2c1.O=C(O)CCC(=O)O,0
973,COc1ccc2cc([C@H](C)C(=O)O)ccc2c1,0
974,CC(=O)OC(C)OC(=O)C(C)c1ccc(-c2ccccc2)c(F)c1,0
975,COc1cc(-c2ccc(N=Nc3ccc4c(S(=O)(=O)[O-])cc(S(=O)(=O)[O-])c(N)c4c3O)c(OC)c2)ccc1N=Nc1ccc2c(S(=O)(=O)[O-])cc(S(=O)(=O)[O-])c(N)c2c1O.[Na+].[Na+].[Na+].[Na+],0
976,C[C@@H](O)[C@H]1C(=O)N2C(C(=O)O)=C(SCCN=CN)C[C@H]12,0
977,CN1C(=O)CCS(=O)(=O)C1c1ccc(Cl)cc1,0
978,CC(C)(O/N=C(\C(=O)N[C@@H]1C(=O)N2C(C(=O)[O-])=C(C[n+]3ccccc3)CS[C@H]12)c1csc(N)n1)C(=O)O.O.O.O.O.O,0
979,NC[C@H]1O[C@H](O[C@@H]2[C@@H](N)C[C@@H](N)[C@H](O[C@H]3O[C@H](CO)[C@@H](O)[C@H](N)[C@H]3O)[C@H]2O)[C@H](N)C[C@@H]1O,0
980,O=C([O-])c1cc(=O)c2c(OCC(O)COc3cccc4oc(C(=O)[O-])cc(=O)c34)cccc2o1.[Na+].[Na+],0
981,OCCN1C[C@H](O)[C@@H](O)[C@H](O)[C@H]1CO,0
982,CCC1(CC)C(=O)C=CNC1=O,0
983,Cc1cc(NS(=O)(=O)c2ccc(N)cc2)no1,0
984,CC(=O)N[C@@H](CC(C)C)C(=O)O,0
985,Cc1c(N)c(=O)n(-c2ccccc2)n1C,0
986,O=C(O)CNC(=O)c1ccccc1,0
987,CC(=O)O[C@H]1C[C@@H]2CC[C@@H]3[C@H](CC[C@@]4(C)[C@H]3C[C@H]([N+]3(C)CCCCC3)[C@@H]4OC(C)=O)[C@@]2(C)C[C@@H]1[N+]1(C)CCCCC1.[Br-].[Br-],0
988,CC1=C(C(=O)O)N2C(=O)[C@@H](NC(=O)[C@H](N)C3=CCC=CC3)[C@H]2SC1.O,0
989,C/C1=C2/N=C(/C=C3\N=C(/C(C)=C4\[N-][C@@](C)([C@@H]5N=C1[C@](C)(CCC(=O)NC[C@@H](C)OP(=O)([O-])O[C@@H]1[C@@H](CO)O[C@H](n6cnc7cc(C)c(C)cc76)[C@@H]1O)[C@H]5CC(N)=O)[C@@](C)(CC(N)=O)[C@@H]4CCC(N)=O)[C@@](C)(CC(N)=O)[C@@H]3CCC(N)=O)C(C)(C)[C@@H]2CCC(N)=O.[C-]#N.[Co+3],0
990,Cc1ncc([N+](=O)[O-])n1CC(C)O,0
991,O=c1[nH]c2cc(Cl)ccc2o1,0
992,CS(=O)(=O)c1ccc([C@@H](O)[C@@H](CO)NC(=O)C(Cl)Cl)cc1,0
993,Cc1ncc([N+](=O)[O-])n1CC(O)CCl,0
994,CC(C)NCC(O)c1cc(O)cc(O)c1.CC(C)NCC(O)c1cc(O)cc(O)c1.O=S(=O)(O)O,0
995,Cc1ccc(Cl)c(Nc2ccccc2C(=O)[O-])c1Cl.O.[Na+],0
996,CC(=O)CC(c1ccc([N+](=O)[O-])cc1)c1c(O)c2ccccc2oc1=O,0
997,O=C(O)CSCC(=O)NC1CCSC1=O,0
998,CCn1cc(C(=O)O)c(=O)c2cnc(N3CCCC3)nc21,0
999,COc1cc(Cc2cnc(N)nc2N)cc(OC)c1OC,0
1000,O=C(Cn1ccnc1[N+](=O)[O-])NCCO,0
1001,CCCCN=C(N)N=C(N)N,0
1002,COc1ccc(C(=O)NCc2ccc(OCCN(C)C)cc2)cc1OC,0
1003,COc1cc2c(c(OC)c1OC)-c1ccc(OC)c(=O)cc1[C@@H](NC(C)=O)CC2,0
1004,CN[C@H](CC(C)C)C(=O)N[C@H]1C(=O)N[C@@H](CC(N)=O)C(=O)N[C@H]2C(=O)N[C@H]3C(=O)N[C@H](C(=O)N[C@H](C(=O)O)c4cc(O)cc(O)c4-c4cc3ccc4O)[C@H](O)c3ccc(c(Cl)c3)Oc3cc2cc(c3O[C@@H]2O[C@H](CO)[C@@H](O)[C@H](O)[C@H]2O[C@H]2C[C@](C)(N)[C@H](O)[C@H](C)O2)Oc2ccc(cc2Cl)[C@H]1O.Cl,0
1005,Cn1c(=O)cc(N2CCC[C@@H](N)C2)n(Cc2ccccc2C#N)c1=O.O=C(O)c1ccccc1,0
1006,Cc1ncc(C[n+]2csc(CCO)c2C)c(N)n1.Cl.[Cl-],0
1007,COc1cc2nc(N3CCN(C(=O)c4ccco4)CC3)nc(N)c2cc1OC.Cl,0
1008,Cl.c1ccc(CC2=NCCN2)cc1,0
1009,O=C1c2ccccc2S(=O)(=O)N1CCCCN1CCN(c2ncccn2)CC1,0
1010,CCN[C@@H](C)Cc1cccc(C(F)(F)F)c1.Cl,0
1011,CNC[C@H](O)[C@@H](O)[C@H](O)[C@H](O)CO.Cc1c(Nc2ncccc2C(=O)O)cccc1C(F)(F)F,0
1012,Cc1cn([C@H]2C[C@H](N=[N+]=[N-])[C@@H](CO)O2)c(=O)[nH]c1=O,0
1013,NS(=O)(=O)c1cc2c(cc1Cl)NCNS2(=O)=O,0
1014,Br.CN(C)CCCC1(c2ccc(F)cc2)OCc2cc(C#N)ccc21,0
1015,Cc1onc(-c2ccccc2Cl)c1C(=O)N[C@@H]1C(=O)N2[C@@H](C(=O)[O-])C(C)(C)S[C@H]12.[Na+],0
1016,CCc1cccc2c3c([nH]c12)C(CC)(CC(=O)O)OCC3,0
1017,CCCCCCNC(=O)n1cc(F)c(=O)[nH]c1=O,0
1018,COCCCOc1cc(C[C@@H](C[C@H](N)[C@@H](O)C[C@H](C(=O)NCC(C)(C)C(N)=O)C(C)C)C(C)C)ccc1OC.COCCCOc1cc(C[C@@H](C[C@H](N)[C@@H](O)C[C@H](C(=O)NCC(C)(C)C(N)=O)C(C)C)C(C)C)ccc1OC.O=C(O)/C=C/C(=O)O,0
1019,Nc1nc2[nH]cc(CCc3ccc(C(=O)N[C@@H](CCC(=O)[O-])C(=O)[O-])cc3)c2c(=O)[nH]1.[Na+].[Na+],0
1020,COC(=O)CCc1ccc(OCC(O)CNC(C)C)cc1.Cl,0
1021,CCN(CC)C(=O)N1CCN(C)CC1.O=C(O)CC(O)(CC(=O)O)C(=O)O,0
1022,CC1(C)S[C@@H]2[C@H](NC(=O)[C@H](N)c3ccccc3)C(=O)N2[C@H]1C(=O)O.O.O.O,0
1023,CCOC(=O)c1ccc(N)cc1,0
1024,CCN(CC)CCNC(=O)c1cc(Br)c(N)cc1OC,0
1025,C[C@H](CCC(=O)O)[C@H]1CC[C@H]2[C@@H]3[C@@H](O)C[C@@H]4C[C@H](O)CC[C@]4(C)[C@H]3CC[C@@]21C,0
1026,COc1ccc2c(c1)c(CC(=O)O)c(C)n2C(=O)c1ccc(Cl)cc1,0
1027,COc1ccc([C@@H]2CC(=O)c3c(O)cc(O[C@@H]4O[C@H](CO[C@@H]5O[C@@H](C)[C@H](O)[C@@H](O)[C@H]5O)[C@@H](O)[C@H](O)[C@H]4O)cc3O2)cc1O,0
1028,O=C1c2ccccc2C(=O)C1c1ccccc1,0
1029,Cc1c(NC(C)C)c(=O)n(-c2ccccc2)n1C.Cl,0
1030,CC(=O)NC[C@H]1CN(c2ccc(N3CCOCC3)c(F)c2)C(=O)O1,0
1031,NC(N)=NCCN1CCCCCCC1.O=S(=O)(O)O,0
1032,CC(=O)O.O=C(NCC1CCCCN1)c1cc(OCC(F)(F)F)ccc1OCC(F)(F)F,0
1033,CS(=O)(=O)Nc1ccc([N+](=O)[O-])cc1Oc1ccccc1,0
1034,CCCCc1ncc(/C=C(\Cc2cccs2)C(=O)O)n1Cc1ccc(C(=O)O)cc1.CS(=O)(=O)O,0
1035,Clc1ccc(CO/N=C(\Cn2ccnc2)c2ccc(Cl)cc2Cl)c(Cl)c1.O=[N+]([O-])O,0
1036,Cc1cc(NS(=O)(=O)c2ccc(N)cc2)nc(C)n1,0
1037,C/C=C/C1=C(C(=O)O)N2C(=O)[C@@H](NC(=O)[C@H](N)c3ccc(O)cc3)[C@H]2SC1,0
1038,CC1(C)OC(=O)NC1=O,0
1039,NC(=O)N1c2ccccc2C=Cc2ccccc21,0
1040,Cc1ccccc1N1C(=O)c2cc(S(N)(=O)=O)c(Cl)cc2NC1C,0
1041,CCN(C(C)=O)c1cccc(-c2ccnc3c(C#N)cnn23)c1,0
1042,NC(=O)Nc1ccc([As](=O)(O)O)cc1,0
1043,CO[C@@]1(NC(=O)CSCC#N)C(=O)N2C(C(=O)[O-])=C(CSc3nnnn3C)CS[C@@H]21.[Na+],0
1044,Cn1cnc2c1c(=O)[nH]c(=O)n2C,0
1045,CC(=O)Nc1nnc(S(N)(=O)=O)s1,0
1046,Cl.Nc1nc2ccc(OC(F)(F)F)cc2s1,0
1047,Cc1ccccc1OCC(O)CO,0
1048,CC(Cc1cccc(C(F)(F)F)c1)NCCOC(=O)c1ccccc1,0
1049,CCN1CCCC1CNC(=O)c1cc(S(N)(=O)=O)ccc1OC,0
1050,CCN1CCC[C@H]1CNC(=O)c1c(O)c(Cl)cc(Cl)c1OC,0
1051,O=C(O)c1cc(=O)c2ccccc2o1,0
1052,C1CCc2nnnn2CC1,0
1053,S=c1nc[nH]c2nc[nH]c12,0
1054,Cl.c1ccc(C2CN3CCSC3=N2)cc1,0
1055,N[C@@H](C(=O)N[C@@H]1C(=O)N2C(C(=O)O)=C(Cl)CS[C@H]12)c1ccccc1.O,0
1056,CCN1C(=O)NC(c2ccccc2)C1=O,0
1057,COc1cc([C@@H]2c3cc4c(cc3[C@H](O)[C@H]3COC(=O)[C@H]23)OCO4)cc(OC)c1OC,0
1058,CCC1=C(C)CN(C(=O)NCCc2ccc(S(=O)(=O)NC(=O)NC3CCC(C)CC3)cc2)C1=O,0
1059,C[C@]12CC(=O)[C@H]3[C@@H](CCC4=CC(=O)C=C[C@@]43C)[C@@H]1CC[C@]2(O)C(=O)CO,0
1060,O=C(NC(Cc1cc(=O)[nH]c2ccccc12)C(=O)O)c1ccc(Cl)cc1,0
1061,C=CCSCC1Nc2cc(Cl)c(S(N)(=O)=O)cc2S(=O)(=O)N1,0
1062,NNCCc1ccccc1.O=S(=O)(O)O,0
1063,CC(C(=O)[O-])c1cccc(Oc2ccccc2)c1.CC(C(=O)[O-])c1cccc(Oc2ccccc2)c1.O.O.[Ca+2],0
1064,Cc1cc(NC(=O)C2=C(O)c3ccccc3S(=O)(=O)N2C)no1,0
1065,NCc1ccccc1CC(=O)N[C@@H]1C(=O)N2C(C(=O)O)=C(CSc3nnnn3CC(=O)O)CS[C@H]12,0
1066,NC(=O)NC1NC(=O)NC1=O,0
1067,CCOC(=O)[C@H](CCc1ccccc1)N[C@@H](C)C(=O)N1CCC[C@H]1C(=O)O.O=C(O)/C=C\C(=O)O,0
1068,CC(Oc1c(Cl)cccc1Cl)C1=NCCN1,0
1069,Cc1c(C)c2c(c(C)c1O)CCC(C)(C(=O)O)O2,0
1070,Cc1cnc(C(=O)NCCc2ccc(S(=O)(=O)NC(=O)NC3CCCCC3)cc2)cn1,0
1071,Cn1cc(S(C)=O)c(=O)c2ccc(F)cc21,0
1072,NCCCC[C@H](N[C@@H](CCc1ccccc1)C(=O)O)C(=O)N1CCC[C@H]1C(=O)O,0
1073,CCCCS(=O)(=O)N[C@@H](Cc1ccc(OCCCCC2CCNCC2)cc1)C(=O)O.Cl,0
1074,CC(=O)OCC(=O)[C@@]1(OC(C)=O)[C@@H](C)C[C@H]2[C@@H]3C[C@H](F)C4=CC(=O)C=C[C@]4(C)[C@@]3(F)[C@@H](O)C[C@@]21C,0
1075,CCOC(=O)OC(C)OC(=O)[C@@H]1N2C(=O)[C@@H](NC(=O)[C@H](N)c3ccccc3)[C@H]2SC1(C)C.Cl,0
1076,CCC(C)CCCC(=O)N[C@@H](CCN)C(=O)N[C@H](C(=O)N[C@@H](CCN)C(=O)N[C@H]1CCNC(=O)[C@H]([C@@H](C)O)NC(=O)[C@H](CCN)NC(=O)[C@H](CCN)NC(=O)[C@H](CC(C)C)NC(=O)[C@@H](CC(C)C)NC(=O)[C@H](CCN)NC1=O)[C@@H](C)O,0
1077,CCCCOc1ccc(CC(=O)NO)cc1,0
1078,Cc1scc2c1N(C(=O)CN1CCN(C)CC1)c1ccccc1NC2=O.Cl.Cl,0
1079,Cl.Cl.NCCc1ccn[nH]1,0
1080,CC(C)(C)NC[C@H](O)COc1nsnc1N1CCOCC1.O=C(O)/C=C\C(=O)O,0
1081,CCC(C)(CN(C)C)OC(=O)c1ccccc1.Cl,0
1082,CN(C)[C@@H]1C(=O)C(C(N)=O)=C(O)[C@@]2(O)C(=O)C3=C(O)c4c(O)ccc(Cl)c4[C@@](C)(O)[C@H]3C[C@@H]12.Cl,0
1083,C[N+]1(C)CCCC(OC(=O)C(O)(c2ccccc2)c2ccccc2)C1.[Br-],0
1084,CN[C@@H]1[C@@H](O)[C@@H](O[C@@H]2[C@@H](O)[C@H](O[C@H]3OC(CN)=CC[C@H]3N)[C@@H](N)C[C@H]2N)OC[C@]1(C)O.CN[C@@H]1[C@@H](O)[C@@H](O[C@@H]2[C@@H](O)[C@H](O[C@H]3OC(CN)=CC[C@H]3N)[C@@H](N)C[C@H]2N)OC[C@]1(C)O.O=S(=O)(O)O.O=S(=O)(O)O.O=S(=O)(O)O.O=S(=O)(O)O.O=S(=O)(O)O,0
1085,O=C(O)c1ccccc1C(=O)Nc1ccc(S(=O)(=O)Nc2nccs2)cc1,0
1086,COC[C@@H](NC(C)=O)C(=O)NCc1ccccc1,0
1087,Cc1cn[nH]c1,0
1088,CCN1CCN(C(=O)N[C@@H](C(=O)N[C@@H]2C(=O)N3[C@@H](C(=O)[O-])C(C)(C)S[C@H]23)c2ccccc2)C(=O)C1=O.[Na+],0
1089,CC(=O)OC1CN2CCC1CC2.Cl,0
1090,CN(C)C(=O)Oc1cccc([N+](C)(C)C)c1.[Br-],0
1091,CCN(CC)CCOC(=O)C1(C2CCCCC2)CCCCC1.Cl,0
1092,CCCCC[C@H](O)/C=C/[C@H]1[C@H](O)C[C@H](O)[C@@H]1C/C=C\CCCC(=O)O.NC(CO)(CO)CO,0
1093,Br.COc1ccc2c3c1O[C@H]1C[C@@H](O)C=C[C@@]31CCN(C)C2,0
1094,Oc1c(Cl)cc(Cl)c(Cl)c1Cc1c(O)c(Cl)cc(Cl)c1Cl,0
1095,CC1CCc2c(N3CCC(O)CC3)c(F)cc3c(=O)c(C(=O)O)cn1c23,0
1096,COc1cc(C(=O)NS(=O)(=O)c2ccccc2C)ccc1Cc1cn(C)c2ccc(NC(=O)OC3CCCC3)cc12,0
1097,Cc1cc2cc3c(C)cc(=O)oc3c(C)c2o1,0
1098,NC[C@H]1O[C@H](O[C@@H]2[C@@H](N)C[C@@H](N)[C@H](O[C@H]3O[C@H](CO)[C@@H](O)[C@H](N)[C@H]3O)[C@H]2O)[C@H](N)[C@@H](O)[C@@H]1O,0
1099,C[N+]1(C)CCC(OC(=O)C(O)(c2ccccc2)C2CCCC2)C1.[Br-],0
1100,CC[C@H](C)C(=O)O[C@H]1CCC=C2C=C[C@H](C)[C@H](CC[C@@H]3C[C@@H](O)CC(=O)O3)[C@H]21,0
1101,NS(=O)(=O)c1cc2c(cc1Cl)NC(Cc1ccccc1)NS2(=O)=O,0
1102,CCCCOC(=O)c1ccc(N)cc1,0
1103,Cl.NCCc1c[nH]c2ccc(O)cc12,0
1104,CC1=NS(=O)(=O)c2cc(Cl)ccc2N1,0
1105,CC(C)(C)NCC(O)COc1cccc2c1CCC(=O)N2.Cl,0
1106,C=CCc1ccccc1OCC(O)CNC(C)C.Cl,0
1107,C=CCN1CCCC1CNC(=O)c1cc2[nH]nnc2cc1OC.Cl,0
1108,CO[C@@H]1[C@@H](OC2OC(C)C(OC3CC(C)(O)C(O)C(C)O3)C(N(C)C)C2O)[C@@H](CC=O)C[C@@H](C)[C@@H](OC2CCC(N(C)C)C(C)O2)/C=C/C=C/C[C@@H](C)OC(=O)C[C@H]1O,0
1109,CCOC(=O)[C@H](CCc1ccccc1)N[C@H]1CCc2ccccc2N(CC(=O)O)C1=O.Cl,0
1110,CO/N=C1\CN(c2nc3c(cc2F)c(=O)c(C(=O)O)cn3C2CC2)CC1CN.CS(=O)(=O)O,0
1111,CCn1cc(C(=O)O)c(=O)c2cc(F)c(N3CCN(C)CC3)cc21,0
1112,CC1=C(C(=O)O)N2C(=O)[C@@H](NC(=O)[C@H](N)c3ccc(O)cc3)[C@H]2SC1,0
1113,NC(N)=Nc1nc(CSCCN=CNS(=O)(=O)c2ccc(Br)cc2)cs1,0
1114,Cl.Cl.Cl.Cl.Cl.NCCNCCNCCNCCN,0
1115,CC(C)NNC(=O)c1ccncc1.O=P(O)(O)O,0
1116,Cc1c(NC(=O)c2cccnc2)c(=O)n(-c2ccccc2)n1C,0
1117,COc1ccc(/C=C/C(=O)Nc2ccccc2C(=O)O)cc1OC,0
1118,C[N+](C)(C)CCOC(N)=O.[Cl-],0
1119,CCCC[N+]1(C)[C@H]2CC(OC(=O)[C@H](CO)c3ccccc3)C[C@@H]1[C@H]1O[C@@H]21.[Br-],0
1120,O=C1C(CCS(=O)c2ccccc2)C(=O)N(c2ccccc2)N1c1ccccc1,0
1121,CC(=O)Oc1cc(C(F)(F)F)ccc1C(=O)O,0
1122,N[C@@H](C(=O)N[C@@H]1C(=O)N2C(C(=O)O)=C(Cl)CC[C@H]12)c1ccccc1,0
1123,O=C(O)CN(CCN(CC(=O)O)CC(=O)O)CCN(CC(=O)O)CC(=O)O,0
1124,CCN(CC)CCNC(=O)c1cc(Cl)c(N)cc1OC.Cl,0
1125,CC[C@H]1OC(=O)C[C@@H](O)[C@H](C)[C@@H](O[C@@H]2O[C@H](C)[C@@H](O[C@H]3C[C@@](C)(O)[C@@H](O)[C@H](C)O3)[C@H](N(C)C)[C@H]2O)[C@@H](CC=O)C[C@@H](C)C(=O)/C=C/C(C)=C/[C@@H]1CO[C@@H]1O[C@H](C)[C@@H](O)[C@@H](OC)[C@H]1OC,0
1126,CC(C)c1nc(CN(C)C(=O)N[C@H](C(=O)N[C@@H](Cc2ccccc2)C[C@H](O)[C@H](Cc2ccccc2)NC(=O)OCc2cncs2)C(C)C)cs1,0
1127,NS(=O)(=O)c1cc2c(cc1Cl)NC=NS2(=O)=O,0
1128,C[C@H](CS)C(=O)N1CCC[C@H]1C(=O)O,0
1129,CN(C)[C@@H]1C(=O)C(C(N)=O)=C(O)[C@@]2(O)C(=O)C3=C(O)c4c(O)ccc(Cl)c4[C@@H](O)[C@H]3C[C@@H]12.Cl,0
1130,O=C(O)CCCC[C@@H]1SC[C@@H]2NC(=O)N[C@H]12,0
1131,Nc1nc2ncc(CNc3ccc(C(=O)N[C@@H](CCC(=O)O)C(=O)O)cc3)nc2c(=O)[nH]1,0
1132,O=C(O)c1ccccc1Nc1cccc(C(F)(F)F)c1,0
1133,NC12CC3CC(CC(C3)C1)C2.NC12CC3CC(CC(C3)C1)C2.O=C(O)/C=C/C(=O)O,0
1134,CC[C@@H]1C(=O)OC[C@@H]1Cc1cncn1C.O=[N+]([O-])O,0
1135,COc1ccc(-c2cc(=O)c3c(O)cc(O[C@@H]4O[C@H](CO[C@@H]5O[C@@H](C)[C@H](O)[C@@H](O)[C@H]5O)[C@@H](O)[C@H](O)[C@H]4O)cc3o2)cc1O,0
1136,NC(N)=NS(=O)(=O)c1ccc(N)cc1,0
1137,CO[C@H]1C[C@H](O[C@@H]2[C@@H](C)C(=O)O[C@H](C)[C@H](C)[C@H](OC(C)=O)[C@@H](C)C(=O)[C@]3(CO3)C[C@H](C)[C@H](O[C@@H]3O[C@H](C)C[C@H](N(C)C)[C@H]3OC(C)=O)[C@H]2C)O[C@@H](C)[C@@H]1OC(C)=O,0
1138,COc1cc(OC)c(C(=O)CCCN2CCCC2)c(OC)c1.Cl,0
1139,COc1c(O)cc2c(c1O)[C@@H]1O[C@H](CO)[C@@H](O)[C@H](O)[C@H]1OC2=O,0
1140,C[N+](C)(C)CCCCCC[N+](C)(C)C.O.O.[Br-].[Br-],0
1141,CC1(C)S[C@@H]2[C@H](NC(=O)[C@H](NC(=O)N3CCNC3=O)c3ccccc3)C(=O)N2[C@H]1C(=O)[O-].[Na+],0
1142,C[C@H](N)[C@H](O)c1cccc(O)c1.O=C(O)[C@H](O)[C@@H](O)C(=O)O,0
1143,CCCSc1ccc2nc(NC(=O)OC)[nH]c2c1,0
1144,Nc1nc(CC(=O)Nc2ccc(CCNC[C@H](O)c3ccccc3)cc2)cs1,0
1145,CCCC(=O)Nc1ccc(OCC(O)CNC(C)C)c(C(C)=O)c1.Cl,0
1146,COc1ccc(OC)c(C(O)C(C)N)c1.Cl,0
1147,CN[C@@H]1[C@@H](O)[C@@H](O[C@@H]2[C@@H](O)[C@H](O[C@H]3O[C@H](CN)CC[C@H]3N)[C@@H](N)C[C@H]2N)OC[C@]1(C)O.CN[C@@H]1[C@@H](O)[C@@H](O[C@@H]2[C@@H](O)[C@H](O[C@H]3O[C@H]([C@@H](C)N)CC[C@H]3N)[C@@H](N)C[C@H]2N)OC[C@]1(C)O.CN[C@H](C)[C@@H]1CC[C@@H](N)[C@@H](O[C@@H]2[C@@H](N)C[C@@H](N)[C@H](O[C@H]3OC[C@](C)(O)[C@H](NC)[C@H]3O)[C@H]2O)O1.O=S(=O)(O)O,0
1148,O=C1CN(/N=C/c2ccc([N+](=O)[O-])o2)C(=O)N1,0
1149,CCCCC1(COC(=O)CCC(=O)O)C(=O)N(c2ccccc2)N(c2ccccc2)C1=O,0
1150,CC[C@@H](CO)NCCN[C@@H](CC)CO.Cl.Cl,0
1151,CCCc1cc(=O)[nH]c(=S)[nH]1,0
1152,NC(=O)c1cnccn1,0
1153,C=CC1=C(C(=O)O)N2C(=O)[C@@H](NC(=O)/C(=N\OCC(=O)O)c3csc(N)n3)[C@H]2SC1,0
1154,COC(=O)Nc1nc2ccc(Sc3ccccc3)cc2[nH]1,0
1155,Cl.Clc1cccc(Cl)c1NC1=NCCN1,0
1156,C[C@]1(Cn2ccnn2)[C@H](C(=O)O)N2C(=O)C[C@H]2S1(=O)=O,0
1157,CCCCCCCN(CC)CCCC(O)c1ccc(NS(C)(=O)=O)cc1.CCCCCCCN(CC)CCCC(O)c1ccc(NS(C)(=O)=O)cc1.O=C(O)/C=C/C(=O)O,0
1158,N#Cc1nn(-c2c(Cl)cc(C(F)(F)F)cc2Cl)c(N)c1S(=O)C(F)(F)F,0
1159,Nc1nc(N)nc(-c2cc(Cl)ccc2Cl)n1.O=C(O)/C=C\C(=O)O,0
1160,Cl.NCc1ccc(S(N)(=O)=O)cc1,0
1161,CC(N=C(NC#N)Nc1ccncc1)C(C)(C)C.O,0
1162,O=C([O-])c1ccccc1Nc1cc(Cl)ccc1C(=O)[O-].[Na+].[Na+],0
1163,C=C(C)[C@H]1[C@@H]2C(=O)O[C@H]1[C@H]1OC(=O)[C@@]34O[C@@H]3C[C@]2(O)[C@@]14C,0
1164,C[C@@H](N)[C@@H](O)c1ccccc1.Cl,0
1165,CN=C(NC#N)NCCSCc1nc[nH]c1C,0
1166,c1coc(CNc2ncnc3nc[nH]c23)c1,0
1167,CN(C)CCC(c1ccccc1)c1ccccn1.O=C(O)/C=C\C(=O)O,0
1168,Cl.c1ccc2c(CC3=NCCN3)cccc2c1,0
1169,C1CNCCN1.C[C@]12CC[C@@H]3c4ccc(OS(=O)(=O)O)cc4CC[C@H]3[C@@H]1CCC2=O,0
1170,Cl.c1ccc2c(c1)CCCC2C1=NCCN1,0
1171,NCC1OC(OC2C(N)CC(N)C(O)C2O[C@@H]2O[C@H](CO)[C@H](O)C2O)C(N)C(O)C1O.O=S(=O)(O)O,0
1172,Cc1ccc(S(=O)(=O)NC(=O)NN2CCCCCC2)cc1,0
1173,Nc1ccc(S(=O)(=O)NC(=O)c2ccccc2)cc1,0
1174,C=CC(N)CCC(=O)O.Cl,0
1175,Cn1c(=O)c2[nH]cnc2n(C)c1=O.O,0
1176,CN(CCCCCCCCCCN(C)C(=O)Oc1cccc([N+](C)(C)C)c1)C(=O)Oc1cccc([N+](C)(C)C)c1.[Br-].[Br-],0
1177,CC(=O)Nc1c(I)c(C(=O)N[C@H]2C(O)O[C@H](CO)[C@@H](O)[C@@H]2O)c(I)c(N(C)C(C)=O)c1I,0
1178,CC(C)C[C@H](NC(=O)[C@@H](O)[C@H](N)Cc1ccccc1)C(=O)O,0
1179,Cl.NC(N)=NC(=O)c1nc(Cl)c(N)nc1N.O.O,0
1180,Cc1nnc(NS(=O)(=O)c2ccc(N)cc2)s1,0
1181,C=CCC1(CC(C)C)C(=O)NC(=O)NC1=O,0
1182,Cc1cc(N)c2ccccc2[n+]1CCCCCCCCCC[n+]1c(C)cc(N)c2ccccc21.[Cl-].[Cl-],0
1183,CCC(=O)O[C@H]1CC[C@H]2[C@@H]3CCC4=CC(=O)CC[C@]4(C)[C@H]3CC[C@]12C,0
1184,CCn1nc(C(=O)O)c(=O)c2cc3c(cc21)OCO3,0
1185,Cc1cccc(Nc2ccncc2S(=O)(=O)NC(=O)NC(C)C)c1,0
1186,CC(C)[C@H](N)C(=O)OCCOCn1cnc2c(=O)[nH]c(N)nc21.Cl,0
1187,COc1ccc(C(=O)N2CCCC2=O)cc1,0
1188,CC(=O)OC(C)C[N+](C)(C)C.[Cl-],0
1189,Cc1ccnc(NS(=O)(=O)c2ccc(N)cc2)n1,0
1190,C/C(=C(\CCOP(=O)(O)O)SC(=O)c1ccccc1)N(C=O)Cc1cnc(C)nc1N,0
1191,Cc1cc(C(=O)NNCc2ccccc2)no1,0
1192,CC[C@@H](C(N)=O)N1CCCC1=O,0
1193,Cc1ccsc1/C=C/C1=NCCCN1C.O=C(O)[C@H](O)[C@@H](O)C(=O)O,0
1194,C/C(=C\C(=O)OCCCCCCCCC(=O)O)C[C@@H]1OC[C@H](C[C@@H]2O[C@H]2[C@@H](C)[C@H](C)O)[C@@H](O)[C@H]1O,0
1195,COc1cc(C(=O)N2CCOCC2)cc(OC)c1OC,0
1196,O=C(O)c1cc(-c2ccc(F)cc2F)ccc1O,0
1197,CCCc1ncc(C[n+]2ccccc2C)c(N)n1.Cl.[Cl-],0
1198,COc1ccc(NS(=O)(=O)c2ccc(N)cc2)nn1,0
1199,Nc1ccc(S(=O)(=O)Nc2ccc(Cl)nn2)cc1,0
1200,CCCNC(C)C(=O)Nc1ccccc1C.Cl,0
1201,Cl.N[C@@H]1C[C@H]1c1ccccc1,0
1202,O=C(O)/C=C\C(=O)O.S=C(NC1CCCCC1)N1CCC(c2cnc[nH]2)CC1,0
1203,COc1cc([C@@H]2c3cc4c(cc3[C@@H](O[C@@H]3O[C@@H]5CO[C@@H](C)O[C@H]5[C@H](O)[C@H]3O)[C@H]3COC(=O)[C@H]23)OCO4)cc(OC)c1O,0
1204,C[C@@H](CN1CC(=O)NC(=O)C1)N1CC(=O)NC(=O)C1.Cl,0
1205,CCCCCN(C)CCC(O)(P(=O)([O-])O)P(=O)(O)O.[Na+],0
1206,C[C@H]1O[C@H](O[C@@H]2[C@@H](CO)O[C@H](O[C@@H]3[C@@H](CO)OC(O)[C@H](O)[C@H]3O)[C@H](O)[C@H]2O)[C@H](O)[C@@H](O)[C@@H]1N[C@H]1C=C(CO)[C@@H](O)[C@H](O)[C@H]1O,0
1207,CN(Cc1cc(Br)cc(Br)c1N)C1CCCCC1.Cl,0
1208,CN(C)C(=N)N=C(N)N.Cl,0
1209,CC(=O)[N-]S(=O)(=O)c1ccc(N)cc1.O.[Na+],0
1210,N=c1nc(N2CCCCC2)cc(N)n1O,0
1211,Cc1c(C(=O)NN2CCCCC2)nn(-c2ccc(Cl)cc2Cl)c1-c1ccc(Cl)cc1,0
1212,CC[C@H]1OC(=O)[C@H](C)[C@@H](O[C@H]2C[C@@](C)(OC)[C@@H](O)[C@H](C)O2)[C@H](C)[C@@H](O[C@@H]2O[C@H](C)C[C@H](N(C)C)[C@H]2O)[C@](C)(O)C[C@@H](C)C(=O)[C@H](C)[C@@H](O)[C@]1(C)O,0
1213,CCCCC(O)c1ccccc1,0
1214,C[C@@H](c1ncncc1F)[C@](O)(Cn1cncn1)c1ccc(F)cc1F,0
1215,CN(C)[C@@H]1C(=O)C(C(N)=O)=C(O)[C@@]2(O)C(=O)C3=C(O)c4c(O)cccc4[C@@](C)(O)[C@H]3C[C@@H]12.Cl,0
1216,CC(=O)N(O)CCCCCNC(=O)CCC(=O)N(O)CCCCCNC(=O)CCC(=O)N(O)CCCCCN.CS(=O)(=O)O,0
1217,Nc1ccc(S(=O)(=O)[N-]c2cnc3ccccc3n2)cc1.[Na+],0
1218,Nc1ccc(S(=O)(=O)Nc2ncccn2)cc1,0
1219,O=C(N[C@H](CO)[C@H](O)c1ccc([N+](=O)[O-])cc1)C(Cl)Cl,0
1220,COc1cnc(NS(=O)(=O)c2ccc(N)cc2)nc1,0
1221,Cn1c(=O)c2c(ncn2CC(=O)O)n(C)c1=O,0
1222,CC(=O)NC1CCSC1=O,0
1223,Cn1nnc2c(C(N)=O)ncn2c1=O,0
1224,Cc1cc(=O)n(-c2ccccc2)n1C,0
1225,COc1ccc(C(=O)NCc2cccnc2)cc1C(=O)NCc1cccnc1.O,0
1226,NC(=O)N1c2ccccc2CC(=O)c2ccccc21,0
1227,CCOC(=O)OC(C)OC1=C(C(=O)Nc2ccccn2)N(C)S(=O)(=O)c2ccccc21,0
1228,Clc1ccc(C(Cn2ccnc2)OCc2c(Cl)cccc2Cl)c(Cl)c1,0
1229,NC(=O)CN1CCCC1=O,0
1230,CC(c1cc2ccccc2s1)N(O)C(N)=O,0
1231,COc1cccc([C@@]2(O)CCCC[C@@H]2CN(C)C)c1.Cl,0
1232,C[C@@H]1CN(C2CCC(C#N)(c3ccc(F)cc3)CC2)CC[C@]1(C(=O)O)c1ccccc1.Cl,0
1233,CC(=O)Oc1ccc(C(c2ccc(OC(C)=O)cc2)c2ccccn2)cc1,0
1234,CCOC(=O)NNc1nncc2ccccc12.Cl,0
1235,CC(C(=O)O)c1ccc2c(c1)Cc1cccnc1O2,0
1236,COS(=O)(=O)[O-].C[N+]1(C)CCC(=C(c2ccccc2)c2ccccc2)CC1,0
1237,NS(=O)(=O)Cc1noc2ccccc12,0
1238,Nc1ccc(S(=O)(=O)Nc2ccnn2-c2ccccc2)cc1,0
1239,NCC(CC(=O)O)c1ccc(Cl)cc1,0
1240,CCS(=O)(=O)CCn1c([N+](=O)[O-])cnc1C,0
1241,Nc1c(CC(=O)O)cccc1C(=O)c1ccc(Br)cc1,0
1242,Cc1ncc([N+](=O)[O-])n1CCO,0
1243,Cl.O.O=C(O)c1cn(C2CC2)c2cc(N3CCNCC3)c(F)cc2c1=O,0
1244,CC(C)(C)NCC(O)CSc1nc(-c2ccc(C(N)=O)s2)cs1.Cl,0
1245,CCn1cc(C(=O)[O-])c(=O)c2ccc(C)nc21.[Na+],0
1246,CCN(CC)C(=O)Nc1ccc(OCC(O)CNC(C)(C)C)c(C(C)=O)c1.Cl,0
1247,N[C@@H](Cc1ccc(O)c(O)c1)C(=O)O,0
1248,CC(C)CC(=O)N[C@H](C(=O)N[C@H](C(=O)N[C@@H](CC(C)C)[C@@H](O)CC(=O)N[C@@H](C)C(=O)N[C@@H](CC(C)C)[C@@H](O)CC(=O)O)C(C)C)C(C)C,0
1249,CC(C)[N+](C)(CCC(C(N)=O)(c1ccccc1)c1ccccc1)C(C)C.[I-],0
1250,Nc1ccc(S(=O)(=O)c2ccc(N)cc2)cc1,0
1251,CN(C)/N=N/c1nc[nH]c1C(N)=O,0
1252,CCCCNC(=O)NS(=O)(=O)c1ccc(C)cc1,0
1253,CC1(C)O[C@@H]2C[C@H]3[C@@H]4C[C@H](F)C5=CC(=O)CC[C@]5(C)[C@H]4[C@@H](O)C[C@]3(C)[C@]2(C(=O)CO)O1,0
1254,COc1cc2nc(N3CCN(C(=O)C4CCCO4)CC3)nc(N)c2cc1OC.Cl,0
1255,O=c1[nH]c(=O)n([C@H]2C[C@H](O)[C@@H](CO)O2)cc1I,0
1256,COc1cc(S(C)=O)ccc1-c1nc2ncccc2[nH]1,0
1257,CCc1cccc(CC)c1NC(=O)CN(CC(=O)O)CC(=O)O,0
1258,CN(C)CCOC(C)(c1ccccc1)c1ccccn1.O=C(O)CCC(=O)O,0
1259,Cc1cnc(C(=O)O)c[n+]1[O-],0
1260,Nc1ncnc2c1ncn2[C@@H]1O[C@H](CO)[C@@H](O)[C@@H]1O,0
1261,CN1CCCN=C1/C=C/c1cccc(O)c1.O=C(O)c1cc2ccccc2c(Cc2c(O)c(C(=O)O)cc3ccccc23)c1O,0
1262,CCN(CC)CC(=O)Nc1c(C)cccc1C.Cl,0
1263,CN(C)c1ccc(O)c2c1C[C@H]1C[C@H]3[C@H](N(C)C)C(=O)C(C(N)=O)=C(O)[C@@]3(O)C(=O)C1=C2O.Cl,0
1264,CC(N)CCCC(C)(C)O.Cl,0
1265,Nc1cccc2c1C(=O)N(C1CCC(=O)NC1=O)C2=O,0
1266,O=C1Cc2cc(CCN3CCN(c4nsc5ccccc45)CC3)c(Cl)cc2N1,0
1267,CCCN(CCC)CCc1cccc2c1CC(=O)N2.Cl,0
1268,CCN(CC)C(=O)/C(C#N)=C/c1cc(O)c(O)c([N+](=O)[O-])c1,0
1269,CC1Cc2ccccc2N1NC(=O)c1ccc(Cl)c(S(N)(=O)=O)c1,0
1270,NC(=O)c1cccnc1,0
1271,C=CC[N@@+]12CC[C@@]34c5ccccc5N5/C=C6/[C@H]7C[C@H]8[C@@]9(CC[N@@+]8(CC=C)C/C7=C/CO)c7ccccc7N(/C=C(/[C@@H](C[C@@H]31)/C(=C\CO)C2)[C@H]54)[C@@H]69.[Cl-].[Cl-],0
1272,Cc1onc(-c2c(Cl)cccc2Cl)c1C(=O)N[C@@H]1C(=O)N2[C@@H](C(=O)[O-])C(C)(C)S[C@H]12.O.[Na+],0
1273,O=C(OCCOCCO)c1ccccc1Nc1cccc(C(F)(F)F)c1,0
1274,CCOC(=O)C1=C[C@@H](OC(CC)CC)[C@H](NC(C)=O)[C@@H](N)C1.O=P(O)(O)O,0
1275,CCN(CC)CCOC(=O)c1ccc(N)cc1.Cl,0
1276,CC1(C)O[C@@H]2C[C@H]3[C@@H]4CCC5=CC(=O)CC[C@]5(C)[C@@]4(F)[C@@H](O)C[C@]3(C)[C@]2(C(=O)CCl)O1,0
1277,Nc1nc(NC2CC2)c2ncn([C@H]3C=C[C@@H](CO)C3)c2n1.Nc1nc(NC2CC2)c2ncn([C@H]3C=C[C@@H](CO)C3)c2n1.O=S(=O)(O)O,0
1278,CC(=O)Oc1cc(C(C)C)c(OCCN(C)C)cc1C.Cl,0
1279,CC(COc1ccccc1)NC(C)C(O)c1ccc(O)cc1.Cl,0
1280,Cc1oncc1C(=O)Nc1ccc(C(F)(F)F)cc1,0
1281,Cn1c(=O)c2c(ncn2CC(O)CO)n(C)c1=O,0
1282,C[C@@H]1C[C@H]2[C@@H]3CCC4=CC(=O)C=C[C@]4(C)[C@@]3(Cl)[C@@H](O)C[C@]2(C)[C@@]1(OC(=O)c1ccco1)C(=O)CCl,0
1283,COC(=O)N/N=C/c1c[n+]([O-])c2ccccc2[n+]1[O-],0
1284,NC(=O)CS(=O)C(c1ccccc1)c1ccccc1,0
1285,Nc1ccc(S(=O)(=O)Nc2nccs2)cc1,0
1286,CC(=O)O[C@H]1C(=O)[C@]2(C)[C@@H](O)C[C@H]3OC[C@@]3(OC(C)=O)[C@H]2[C@H](OC(=O)c2ccccc2)[C@]2(O)C[C@H](OC(=O)[C@H](O)[C@@H](NC(=O)c3ccccc3)c3ccccc3)C(C)=C1C2(C)C,0
1287,CC(=O)CC(c1ccccc1)c1c(O)c2ccccc2oc1=O,0
1288,CC(=O)N(CC(O)CN(C(C)=O)c1c(I)c(C(=O)NCC(O)CO)c(I)c(C(=O)NCC(O)CO)c1I)c1c(I)c(C(=O)NCC(O)CO)c(I)c(C(=O)NCC(O)CO)c1I,0
1289,Cc1nc2ccccc2n1Cc1ccc(Cl)cc1,0
1290,CCCCCC[C@H]1C(=O)O[C@H](C)[C@H](NC(=O)c2cccc(NC=O)c2O)C(=O)O[C@@H](C)[C@@H]1OC(=O)CC(C)C,0
1291,Oc1cc(O)c2c(c1)O[C@H](c1ccc(O)c(O)c1)[C@@H](O)C2,0
1292,COc1ccc(C(CN(C)C)C2(O)CCCCC2)cc1,0
1293,Cc1cc2c(cc1S(N)(=O)=O)S(=O)(=O)CCC2,0
1294,CN1[C@H]2CC[C@@H]1CC(OC(=O)C(CO)c1ccccc1)C2.CN1[C@H]2CC[C@@H]1CC(OC(=O)C(CO)c1ccccc1)C2.O.O=S(=O)(O)O,0
1295,CC(Oc1ccccc1)C(=O)N[C@@H]1C(=O)N2[C@@H](C(=O)[O-])C(C)(C)S[C@H]12.[K+],0
1296,COC(=O)Nc1nc2ccc(C(=O)c3cccs3)cc2[nH]1,0
1297,Cl.Clc1ccc2nsnc2c1NC1=NCCN1,0
1298,O=C([O-])C[C@H](O)C[C@H](O)/C=C/c1c(C2CC2)nc2ccccc2c1-c1ccc(F)cc1.O=C([O-])C[C@H](O)C[C@H](O)/C=C/c1c(C2CC2)nc2ccccc2c1-c1ccc(F)cc1.[Ca+2],0
1299,OCc1cc(C(O)CNCCCCCCOCCCCc2ccccc2)ccc1O,0
1300,CC(NC(C)(C)C)C(=O)c1cccc(Cl)c1.Cl,0
1301,O=C1CN2Cc3c(ccc(Cl)c3Cl)N=C2N1,0
1302,N=C(N)c1ccc(OCCCCCOc2ccc(C(=N)N)cc2)cc1.O=S(=O)(O)CCO.O=S(=O)(O)CCO,0
1303,CNCCC(Oc1ccc(C(F)(F)F)cc1)c1ccccc1.Cl,0
1304,C=C1c2c(Cl)ccc(O)c2C(O)=C2C(=O)[C@]3(O)C(O)=C(C(N)=O)C(=O)[C@@H](N(C)C)[C@@H]3[C@@H](O)[C@H]12.O=C(O)c1cc(S(=O)(=O)O)ccc1O,0
1305,CCCC(C)C1(CC)C(=O)NC(=O)NC1=O,0
1306,N[C@@H](Cc1cc(I)c(Oc2ccc(O)c(I)c2)c(I)c1)C(=O)O,0
1307,Cc1cc(C(C#N)c2ccc(Cl)cc2)c(Cl)cc1NC(=O)c1cc(I)cc(I)c1O,0
1308,Cl.O=C(Cn1c(=O)sc2ccc(Cl)cc21)N1CCN(CCO)CC1,0
1309,CN(C)C(=O)Oc1ccc[n+](C)c1.[I-],0
1310,c1ccc(-c2ccc(C(c3ccccc3)n3ccnc3)cc2)cc1,0
1311,CC(CCc1ccc(O)cc1)NCCc1ccc(O)c(O)c1.Cl,0
1312,NC(=O)Cc1cccc(C(=O)c2ccccc2)c1N,0
1313,C[C@@H]1OC(=O)CC(O)CC(O)CC(O)CCC(O)C(O)C[C@]2(O)CC(O)C(C(=O)O)C(CC(O[C@H]3O[C@H](C)[C@@H](O)[C@H](N)[C@@H]3O)/C=C/C=C/C=C/C=C/CC/C=C/C=C/[C@H](C)[C@@H](O)[C@H]1C)O2,0
1314,OCC(CO)N[C@H]1C[C@](O)(CO)[C@@H](O)[C@H](O)[C@H]1O,0
1315,CC1=C(C(=O)O)N2C(=O)[C@@H](NC(=O)[C@H](N)c3ccccc3)[C@H]2SC1.O,0
1316,Cc1cc(C#N)cc(C)c1Oc1nc(Nc2ccc(C#N)cc2)nc(N)c1Br,0
1317,CC(=O)c1ccc2c(c1)N(CCCN(C)C)c1ccccc1S2.O=C(O)/C=C\C(=O)O,0
1318,NCCCNCCSP(=O)(O)O,0
1319,Clc1ccc(C(c2ccccc2Cl)C(Cl)Cl)cc1,0
1320,Cl.Cl.Fc1ccc(C(c2ccc(F)cc2)N2CCN(C/C=C/c3ccccc3)CC2)cc1,0
1321,CCc1c2c(nc3ccc(OC(=O)N4CCC(N5CCCCC5)CC4)cc13)-c1cc3c(c(=O)n1C2)COC(=O)[C@]3(O)CC.Cl.O.O.O,0
1322,CO[C@@]12[C@H](COC(N)=O)C3=C(C(=O)C(C)=C(N)C3=O)N1C[C@@H]1N[C@@H]12,0
1323,CC(C)n1c(/C=C/[C@@H](O)C[C@@H](O)CC(=O)[O-])c(-c2ccc(F)cc2)c2ccccc21.[Na+],0
1324,Cc1cccc(C)c1NC(=O)C1CCCCN1C.Cl,0
1325,CCN(CC)CCNC(C(=O)OCCC(C)C)c1ccccc1,0
1326,CCCSc1nc(N[C@@H]2C[C@H]2c2ccc(F)c(F)c2)c2nnn([C@@H]3C[C@H](OCCO)[C@@H](O)[C@H]3O)c2n1,0
1327,COc1cccc2c1C(=O)c1c(O)c3c(c(O)c1C2=O)C[C@@](O)(C(=O)CO)C[C@@H]3O[C@H]1C[C@H](N)[C@H](O)[C@H](C)O1.Cl,0
1328,C[N+](C)(C)CCCCCCCCCC[N+](C)(C)C.[Br-].[Br-],0
1329,Cl.NC(N)=NC(N)=NCCc1ccccc1,0
1330,CCC(C)(C)C(=O)O[C@H]1C[C@@H](C)C=C2C=C[C@H](C)[C@H](CC[C@@H]3C[C@@H](O)CC(=O)O3)[C@H]21,0
1331,Cl.NC(=NCc1ccccc1)NC(=O)c1nc(Cl)c(N)nc1N,0
1332,CC[C@H](C)C(=O)O[C@H]1C[C@@H](C)C=C2C=C[C@H](C)[C@H](CC[C@@H]3C[C@@H](O)CC(=O)O3)[C@H]21,0
1333,O=C1CCc2ccc(OCCCCN3CCN(c4cccc(Cl)c4Cl)CC3)cc2N1,0
1334,NC(=NCCCCCCN=C(N)/N=C(\N)Nc1ccc(Cl)cc1)/N=C(\N)Nc1ccc(Cl)cc1,0
1335,Cc1nc2ccc(CN(C)c3ccc(C(=O)N[C@@H](CCC(=O)O)C(=O)O)s3)cc2c(=O)[nH]1,0
1336,COc1cc(Br)c(C[N+]2(CCOCCC3CCC4CC3C4(C)C)CCOCC2)cc1OC.[Br-],0
1337,c1ccc2c(c1)Nc1ccccc1S2,0
1338,Nc1nc2n[nH]nc2c(=O)[nH]1,0
1339,CC(=O)N1CCN(c2ccc(OC[C@H]3CO[C@](Cn4ccnc4)(c4ccc(Cl)cc4Cl)O3)cc2)CC1,0
1340,CO[C@]12C[C@@H](COC(=O)c3cncc(Br)c3)CN(C)[C@@H]1Cc1cn(C)c3cccc2c13,0
1341,C#Cc1cccc(Nc2ncnc3cc(OCCOC)c(OCCOC)cc23)c1,0
1342,CC(C)C[C@H]1C(=O)N2CCC[C@H]2[C@]2(O)O[C@](NC(=O)[C@@H]3C=C4c5cccc6[nH]c(Br)c(c56)C[C@H]4N(C)C3)(C(C)C)C(=O)N12.CS(=O)(=O)O,0
1343,O=c1[nH]cnc2c1ncn2[C@@H]1O[C@H](CO)[C@@H](O)[C@H]1O,0
1344,Cc1ccccc1C(=O)Nc1ccc(C(=O)N2CCCC(O)c3cc(Cl)ccc32)c(C)c1,0
1345,C[C@]12CC[C@@H]3c4ccc(OC(=O)N(CCCl)CCCl)cc4CC[C@H]3[C@@H]1CC[C@@H]2O,0
1346,NS(=O)(=O)c1cc2c(cc1C(F)(F)F)NCNS2(=O)=O,0
1347,Cc1ccc(C(=O)c2cc(O)c(O)c([N+](=O)[O-])c2)cc1,0
1348,CCCCCCC[N+](CC)(CC)CCCCc1ccc(Cl)cc1.Cc1ccc(S(=O)(=O)[O-])cc1,0
1349,CN(C)C(=O)C(CCN1CCC(O)(c2ccc(Cl)cc2)CC1)(c1ccccc1)c1ccccc1.Cl,0
1350,Clc1cc(Cl)c(OCC#CI)cc1Cl,0
1351,CCCCCCCCNC(C)C(O)c1ccc(SC(C)C)cc1,0
1352,Cl.Cl.O=C1c2c(O)ccc(O)c2C(=O)c2c(NCCNCCO)ccc(NCCNCCO)c21,0
1353,CN1C[C@@H]2c3ccccc3Oc3ccc(Cl)cc3[C@H]2C1.O=C(O)/C=C\C(=O)O,0
1354,C/C=C(C(=C/C)/c1ccc(O)cc1)\c1ccc(O)cc1,0
1355,Cc1cccc(C)c1OCC(=O)N[C@@H](Cc1ccccc1)[C@@H](O)C[C@H](Cc1ccccc1)NC(=O)[C@H](C(C)C)N1CCCNC1=O,0
1356,C/C=C/C[C@@H](C)[C@@H](O)[C@H]1C(=O)N[C@@H](CC)C(=O)N(C)CC(=O)N(C)[C@@H](CC(C)C)C(=O)N[C@@H](C(C)C)C(=O)N(C)[C@@H](CC(C)C)C(=O)N[C@@H](C)C(=O)N[C@H](C)C(=O)N(C)[C@@H](CC(C)C)C(=O)N(C)[C@@H](CC(C)C)C(=O)N(C)[C@@H](C(C)C)C(=O)N1C,0
1357,O=C1C(=O)c2ccccc2C(O)=C1C1CCC(c2ccc(Cl)cc2)CC1,0
1358,C[C@@H]1OC(=O)C[C@H](O)C[C@H](O)CC[C@@H](O)[C@H](O)C[C@H](O)C[C@]2(O)C[C@H](O)[C@@H](C(=O)O)[C@H](C[C@@H](O[C@@H]3O[C@H](C)[C@@H](O)[C@H](N)[C@@H]3O)/C=C/C=C/C=C/C=C/C=C/C=C/C=C/[C@H](C)[C@@H](O)[C@H]1C)O2,0
1359,Nc1ccn([C@@H]2O[C@H](CO)[C@@H](O)[C@@H]2O)c(=O)n1,0
1360,COc1cccc2c1C(=O)c1c(O)c3c(c(O)c1C2=O)C[C@@](O)(C(=O)CO)C[C@@H]3O[C@H]1C[C@H](N)[C@@H](O)[C@H](C)O1.Cl,0
1361,CCCCC(CC)CN1CN(CC(CC)CCCC)CC(C)(N)C1,0
1362,C=C1c2cccc(O)c2C(O)=C2C(=O)[C@]3(O)C(O)=C(C(N)=O)C(=O)[C@@H](N(C)C)[C@@H]3[C@@H](O)[C@H]12.Cl,0
1363,CCCCc1oc2ccccc2c1C(=O)c1cc(I)c(OCCN(CC)CC)c(I)c1.Cl,0
1364,CC(C)COCC(CN(Cc1ccccc1)c1ccccc1)N1CCCC1.Cl,0
1365,CC(C)N=c1cc2n(-c3ccc(Cl)cc3)c3ccccc3nc-2cc1Nc1ccc(Cl)cc1,0
1366,CN1CCCN(C(c2ccccc2)c2ccc(Cl)cc2)CC1.Cl.Cl,0
1367,Clc1ccc(CCC(Cn2ccnc2)Sc2c(Cl)cccc2Cl)cc1.O=[N+]([O-])O,0
1368,O=C1Nc2ccc(Cl)cc2[C@@](C#CC2CC2)(C(F)(F)F)O1,0
1369,Cl.O[C@@H](CNC[C@H](O)[C@H]1CCc2cc(F)ccc2O1)[C@@H]1CCc2cc(F)ccc2O1,0
1370,COC1=C(OC)C(=O)C(CCCCCCCCCCO)=C(C)C1=O,0
1371,CCOC(=O)C1=C(COCCN)NC(C)=C(C(=O)OC)C1c1ccccc1Cl,0
1372,COc1cc(/C=C/C(=O)N2CCN(CC(=O)N3CCCC3)CC2)cc(OC)c1OC.O=C(O)/C=C\C(=O)O,0
1373,CC(Cc1ccccc1)NCCC(c1ccccc1)c1ccccc1.CC(O)C(=O)O,0
1374,CC(C)CC(N(C)C)C1(c2ccc(Cl)cc2)CCC1.Cl,0
1375,CN(C)CCOC1=Cc2ccccc2Sc2ccc(Cl)cc21,0
1376,CC(C)N1CCN(c2ccc(OC[C@H]3CO[C@](Cn4cncn4)(c4ccc(Cl)cc4Cl)O3)cc2)CC1,0
1377,Cc1cccc(C)c1NC(=O)CN1CCN(CCCC(c2ccc(F)cc2)c2ccc(F)cc2)CC1,0
1378,COC(=O)C1=C(C)NC(C)=C(C(=O)OCCN(C)Cc2ccccc2)C1c1cccc([N+](=O)[O-])c1.Cl,0
1379,CN1CCCC(CC2c3ccccc3Sc3ccccc32)C1.Cl,0
1380,CNCCC=C1c2ccccc2C=Cc2ccccc21,0
1381,CC(C)(C)c1ccc(C(O)CCCN2CCC(C(O)(c3ccccc3)c3ccccc3)CC2)cc1,0
1382,O=c1[nH]c(=O)n([C@H]2C[C@H](O)[C@@H](CO)O2)cc1F,0
1383,CCN(CC)C(=S)SSC(=S)N(CC)CC,0
1384,CCCCNc1ccc(C(=O)OCCOCCOCCOCCOCCOCCOCCOCCOCCOC)cc1,0
1385,CN1C[C@H](CNC(=O)OCc2ccccc2)C[C@@H]2c3cccc4c3c(cn4C)C[C@H]21,0
1386,CN(C)CCCN1c2ccccc2Sc2ccc(C(F)(F)F)cc21.Cl,0
1387,Clc1ccc(COC(Cn2ccnc2)c2ccc(Cl)cc2Cl)c(Cl)c1,0
1388,COc1ccc2c(c1)N(C[C@H](C)CN(C)C)c1ccccc1S2.O=C([O-])/C=C\C(=O)[O-],0
1389,CC/C(=C(\c1ccccc1)c1ccc(OCCN(C)C)cc1)c1ccccc1.O=C(O)CC(O)(CC(=O)O)C(=O)O,0
1390,C#C[C@]1(O)CC[C@H]2[C@@H]3CCC4=CCCC[C@@H]4[C@H]3CC[C@@]21C,0
1391,CN1CCCC(n2nc(Cc3ccc(Cl)cc3)c3ccccc3c2=O)CC1.Cl,0
1392,COc1ccc(CCN2CCC(Nc3nc4ccccc4n3Cc3ccc(F)cc3)CC2)cc1,0
1393,CCCCc1oc2ccc(NS(C)(=O)=O)cc2c1C(=O)c1ccc(OCCCN(CCCC)CCCC)cc1.Cl,0
1394,CN1CCN(CCCN2c3ccccc3Sc3ccc(S(=O)(=O)N(C)C)cc32)CC1.CS(=O)(=O)O.CS(=O)(=O)O,0
1395,CN(C(=O)CN(CCO)CC(=O)N(C)C(C)(C)Cc1ccccc1)C(C)(C)Cc1ccccc1,0
1396,CNCCCN1c2ccccc2CCc2ccccc21.Cl,0
1397,CC(C)N=C(N)/N=C(\N)Nc1ccc(Cl)cc1.Cl,0
1398,CCCCc1ccc2nc(NC(=O)OC)[nH]c2c1,0
1399,O=C1NCCN1CCN1CCC(c2cn(-c3ccc(F)cc3)c3ccc(Cl)cc23)CC1,0
1400,CN1CCC(=C2c3ccccc3C=Cc3ccccc32)CC1.Cl,0
1401,CC[C@H](C)[C@H]1O[C@]2(CC[C@@H]1C)C[C@@H]1C[C@@H](C/C=C(\C)[C@@H](O[C@H]3C[C@H](OC)[C@@H](O[C@H]4C[C@H](OC)[C@@H](O)[C@H](C)O4)[C@H](C)O3)[C@@H](C)/C=C/C=C3\CO[C@@H]4[C@H](O)C(C)=C[C@@H](C(=O)O1)[C@]34O)O2,0
1402,Cl.O[C@@H](c1cc(C(F)(F)F)nc2c(C(F)(F)F)cccc12)[C@H]1CCCCN1,0
1403,COc1cccc2c1C(=O)c1c(O)c3c(c(O)c1C2=O)C[C@@](O)(C(C)=O)C[C@@H]3O[C@H]1C[C@H](N)[C@H](O)[C@H](C)O1.Cl,0
1404,COC(=O)C1=C(C)NC(C)=C(C(=O)O[C@@H]2CCCN(Cc3ccccc3)C2)[C@@H]1c1cccc([N+](=O)[O-])c1.Cl,0
1405,Clc1ccc(C(Cn2ccnc2)OCc2ccsc2Cl)c(Cl)c1,0
1406,CC[C@H](C)[C@H]1O[C@]2(C=C[C@@H]1C)C[C@@H]1C[C@@H](C/C=C(\C)[C@@H](O[C@H]3C[C@H](OC)[C@@H](O[C@H]4C[C@H](OC)[C@@H](O)[C@H](C)O4)[C@H](C)O3)[C@@H](C)/C=C/C=C3\CO[C@@H]4[C@H](O)C(C)=C[C@@H](C(=O)O1)[C@]34O)O2,0
1407,CN1CCN(CCCN2c3ccccc3Sc3ccc(Cl)cc32)CC1.O=C(O)/C=C\C(=O)O.O=C(O)/C=C\C(=O)O,0
1408,Clc1ccc2c(c1)C(N1CCNCC1)=Nc1ccccc1O2,0
1409,CSc1ccc2c(c1)N(CCC1CCCCN1C)c1ccccc1S2.Cl,0
1410,Cc1cc(C(C)(C)CC(C)(C)C)ccc1OCCOCC[N+](C)(C)Cc1ccccc1.[Cl-],0
1411,CN(C)CCCN1c2ccccc2Sc2ccc(Cl)cc21.Cl,0
1412,Cl.N=c1ccn2c(n1)O[C@H]1[C@H](O)[C@@H](CO)O[C@H]12,0
1413,C[C@@H](O[C@H]1OCCN(Cc2n[nH]c(=O)[nH]2)[C@H]1c1ccc(F)cc1)c1cc(C(F)(F)F)cc(C(F)(F)F)c1,0
1414,CN(C)CC/C=C1/c2ccccc2Sc2ccc(Cl)cc21.Cl,0
1415,CCOC(=O)C1=C(C)NC(C)=C(C(=O)OCC)C1c1ccccc1/C=C/C(=O)OC(C)(C)C,0
1416,CCCCc1cc2ccccc2c(OCCN(C)C)n1.Cl,0
1417,CNCCCC12CCC(c3ccccc31)c1ccccc12.Cl,0
1418,CCCCC(CC)CN=C(N)NC(N)=NCCCCCCN=C(N)NC(N)=NCC(CC)CCCC.Cl.Cl,0
1419,CC(C)NCC(O)c1ccc(NS(C)(=O)=O)cc1.Cl,0
1420,Cl.Cl.Fc1ccc(C(OCCN2CCN(CCCc3ccccc3)CC2)c2ccc(F)cc2)cc1,0
1421,CCN(CC)CCNc1ccc(CO)c2sc3ccccc3c(=O)c12,0
1422,C=C1/C(=C\C=C2/CCC[C@@]3(C)[C@H]2CC[C@@H]3[C@H](C)CCCC(C)C)C[C@@H](O)C[C@@H]1O,0
1423,OCCN1CCN(CCCN2c3ccccc3Sc3ccc(Cl)cc32)CC1,0
1424,C[C@@H](NCCCc1cccc(C(F)(F)F)c1)c1cccc2ccccc12.Cl,0
1425,C/C=C(\C)C(=O)OC1[C@H](OC(C)=O)C2(CO)C(CC1(C)C)C1=CCC3C4(C)CCC(O[C@@H]5O[C@H](C(=O)O)[C@@H](O[C@@H]6O[C@H](CO)[C@@H](O)[C@H](O)[C@H]6O)[C@H](O)[C@H]5O[C@H]5O[C@H](CO)[C@@H](O)[C@H](O)[C@H]5O)[C@](C)(CO)C4CCC3(C)[C@]1(C)C[C@H]2O,0
1426,O=c1[nH]c2ccccc2n1C1CCN(CCCC(c2ccc(F)cc2)c2ccc(F)cc2)CC1,0
1427,Cl.Cl.OCCN1CCN(CCCN2c3ccccc3Sc3ccc(C(F)(F)F)cc32)CC1,0
1428,CN(C)CCCN1c2ccccc2CCc2ccc(Cl)cc21.Cl,0
1429,CN1CCN(CCCN2c3ccccc3Sc3ccc(C(F)(F)F)cc32)CC1.Cl.Cl,0
1430,CN1CCC[C@@H]1CCO[C@](C)(c1ccccc1)c1ccc(Cl)cc1.O=C(O)/C=C/C(=O)O,0
1431,CN1CCC(=C2c3ccccc3Sc3ccccc32)CC1.O=C(O)/C=C\C(=O)O,0
1432,Clc1ccc(COC(Cn2ccnc2)c2ccc(Cl)cc2Cl)cc1.O=[N+]([O-])O,0
1433,CCN(CC)CCCC(C)Nc1c2ccc(Cl)cc2nc2ccc(OC)cc12.Cl.Cl.O,0
1434,Oc1c(Cl)cc(Cl)cc1Sc1cc(Cl)cc(Cl)c1O,0
1435,C1CCC(C(CC2CCCCN2)C2CCCCC2)CC1.O=C(O)/C=C\C(=O)O,0
1436,Nc1ccc2cc3ccc(N)cc3nc2c1.O=S(=O)(O)O,0
1437,Clc1ccccc1C(c1ccccc1)(c1ccccc1)n1ccnc1,0
1438,Oc1cc(Cl)ccc1Oc1ccc(Cl)cc1Cl,0
1439,CNCCC=C1c2ccccc2CCc2ccccc21.Cl,0
1440,CC(NCCC(c1ccccc1)c1ccccc1)c1ccccc1.Cl,0
1441,CN(C)CCOc1ccc(/C(=C(/CCCl)c2ccccc2)c2ccccc2)cc1,0
1442,CCCCCCCCCCCCCCCC[N+](C)(C)CCN(Cc1ccc(OC)cc1)c1ncccn1.[Br-],0
1443,CC(C)C(=O)OCC(=O)[C@@]12O[C@H](C3CCCCC3)O[C@@H]1C[C@H]1[C@@H]3CCC4=CC(=O)C=C[C@]4(C)[C@H]3[C@@H](O)C[C@@]12C,0
1444,CS(=O)(=O)O.Cc1c(O)cccc1C(=O)N[C@@H](CSc1ccccc1)[C@H](O)CN1C[C@H]2CCCC[C@H]2C[C@H]1C(=O)NC(C)(C)C,0
1445,CC[C@@]1(O)C(=O)OCc2c1cc1n(c2=O)Cc2cc3c(CN(C)C)c(O)ccc3nc2-1,0
1446,Clc1ccc2c(c1)CCc1cccnc1C2=C1CCNCC1,0
1447,Nc1c2ccccc2nc2ccccc12,0
1448,CC(C)C[C@@H](NC(=O)[C@H](C)NC(=O)CNC(=O)[C@@H](NC=O)C(C)C)C(=O)N[C@@H](C)C(=O)N[C@@H](C(=O)N[C@H](C(=O)N[C@H](C(=O)N[C@@H](Cc1c[nH]c2ccccc12)C(=O)N[C@H](CC(C)C)C(=O)N[C@@H](Cc1c[nH]c2ccccc12)C(=O)N[C@H](CC(C)C)C(=O)N[C@@H](Cc1c[nH]c2ccccc12)C(=O)N[C@H](CC(C)C)C(=O)N[C@@H](Cc1c[nH]c2ccccc12)C(=O)NCCO)C(C)C)C(C)C)C(C)C,0
1449,Clc1ccc(CSC(Cn2ccnc2)c2ccc(Cl)cc2Cl)cc1.O=[N+]([O-])O,0
1450,Cc1ccc(NC(=O)c2ccc(CN3CCN(C)CC3)cc2)cc1Nc1nccc(-c2cccnc2)n1,0
1451,CC[Hg]Sc1ccccc1C(=O)[O-].[Na+],0
1452,Cl.Cl.OCCN1CCN(CC/C=C2/c3ccccc3Sc3ccc(C(F)(F)F)cc32)CC1,0
1453,COc1ccc2cc1Oc1ccc(cc1)C[C@H]1c3c(cc4c(c3Oc3cc5c(cc3OC)CCN(C)[C@@H]5C2)OCO4)CCN1C,0
1454,Cl.Fc1ccc([C@@H]2CCNC[C@H]2COc2ccc3c(c2)OCO3)cc1,0
1455,CC(C)(C)CC(C)(C)c1ccc(O)c(Cc2ccc(Cl)cc2Cl)c1,0
1456,CC(=O)OCC1OC([S-])C(OC(C)=O)C(OC(C)=O)C1OC(C)=O.CCP(CC)CC.[Au+],0
1457,Nc1nc(Cl)nc2c1ncn2[C@H]1C[C@H](O)[C@@H](CO)O1,0
1458,Cl.O=C(c1ccc(OCCN2CCCCC2)cc1)c1c(-c2ccc(O)cc2)sc2cc(O)ccc12,0
1459,CC[C@@H](C(=O)[C@@H](C)[C@@H](O)[C@H](C)[C@@H]1O[C@@H]([C@@H](CC)C(=O)[O-])CC[C@@H]1C)[C@H]1O[C@]2(C=C[C@@H](O)[C@]3(CC[C@@](C)([C@H]4CC[C@](O)(CC)[C@H](C)O4)O3)O2)[C@H](C)C[C@@H]1C.[Na+],0
1460,COCC(=O)O[C@]1(CCN(C)CCCc2nc3ccccc3[nH]2)CCc2cc(F)ccc2[C@@H]1C(C)C,0
1461,O=C(NC1CCN(CCCCC2(C(=O)NCC(F)(F)F)c3ccccc3-c3ccccc32)CC1)c1ccccc1-c1ccc(C(F)(F)F)cc1,0
1462,CC(C)(C)c1ccc(C(=O)CCCN2CCC(OC(c3ccccc3)c3ccccc3)CC2)cc1,0
1463,CC(=O)[C@@]12O[C@](C)(c3ccccc3)O[C@@H]1C[C@H]1[C@@H]3CCC4=CC(=O)CC[C@]4(C)[C@H]3CC[C@@]12C,0
1464,COc1cc(Nc2c(C#N)cnc3cc(OCCCN4CCN(C)CC4)c(OC)cc23)c(Cl)cc1Cl,0
1465,Cc1cc2nc3ccc(=[N+](C)C)cc-3sc2cc1N.[Cl-],0
1466,CN[C@@H]1C[C@@H](c2ccc(Cl)c(Cl)c2)c2ccccc21.Cl,0
1467,CCCCCN=C(N)N/N=C/c1c[nH]c2ccc(OC)cc12.O=C(O)/C=C\C(=O)O,0
1468,C#C[C@]1(OC(C)=O)CC[C@H]2[C@@H]3CCC4=C/C(=N/O)CC[C@@H]4[C@H]3CC[C@@]21CC,0
1469,Cc1ccc(-c2cc(C(F)(F)F)nn2-c2ccc(S(N)(=O)=O)cc2)cc1,0
1470,CCCCN(CCCC)CCC(O)c1cc2c(Cl)cc(Cl)cc2c2cc(C(F)(F)F)ccc12.Cl,0
1471,Cl.Cl.OCCN1CCN(CC/C=C2/c3ccccc3Sc3ccc(Cl)cc32)CC1,0
1472,CCOC1O[C@H]([C@@H](COCc2ccccc2)OCc2ccccc2)[C@H](OCc2ccccc2)[C@H]1O,0
1473,CN[C@H]1CC[C@@H](c2ccc(Cl)c(Cl)c2)c2ccccc21,0
1474,Cc1cc(/C=C/c2ccc3cc(N(C)C)ccc3[n+]2C)c(C)n1-c1ccccc1.Cc1cc(/C=C/c2ccc3cc(N(C)C)ccc3[n+]2C)c(C)n1-c1ccccc1.O=C(O)c1cc2ccccc2c(Cc2c([O-])c(C(=O)O)cc3ccccc23)c1[O-],0
1475,CN1[C@H]2CC[C@@H]1CC(OC1c3ccccc3CCc3ccccc31)C2.O=C(O)CC(O)(CC(=O)O)C(=O)O,0
1476,CC(=O)c1ccc2c(c1)N(CCCN1CCC(CCO)CC1)c1ccccc1S2,0
1477,O=C(CCCCCCC(=O)Nc1ccccc1)NO,0
1478,COc1ccccc1OCCNCC(O)COc1cccc2[nH]c3ccccc3c12,0
1479,CC(C)(C)NC(=O)[C@@H]1C[C@@H]2CCCC[C@@H]2CN1C[C@@H](O)[C@H](Cc1ccccc1)NC(=O)[C@H](CC(N)=O)NC(=O)c1ccc2ccccc2n1.CS(=O)(=O)O,0
1480,CCCCC(=O)O[C@H]1CC[C@H]2[C@@H]3CCc4cc(O)ccc4[C@H]3CC[C@]12C,0
1481,Clc1ccc(C(Cn2ccnc2)OCc2csc3c(Cl)cccc23)c(Cl)c1.O=[N+]([O-])O,0
1482,CCSc1ccc2c(c1)N(CCCN1CCN(C)CC1)c1ccccc1S2.O=C(O)/C=C\C(=O)O.O=C(O)/C=C\C(=O)O,0
1483,C=Cc1c(C)c2cc3nc(cc4[nH]c(cc5nc(cc1[nH]2)C(C)=C5CCC(=O)O)c(CCC(=O)OC)c4C)[C@@]1(C)C3=CC=C(C(=O)OC)[C@H]1C(=O)OC.C=Cc1c(C)c2cc3nc(cc4[nH]c(cc5nc(cc1[nH]2)C(C)=C5CCC(=O)OC)c(CCC(=O)O)c4C)[C@@]1(C)C3=CC=C(C(=O)OC)[C@H]1C(=O)OC,0